source_schema_version,panel,row_type,dataset,dataset_id,method,result_layer,fold,source_key,metric,metric_direction,value,sd,n_records,n_effect_pairs,n_valid_effect_pairs,n_plotted,panel_c_seed,display_effect_min,display_effect_max,effect_formula,variance_ddof,folds,protocol_id,configuration,workflow_order,workflow_step,split_artifact_id,truth_artifact_id,prediction_artifact_id,prediction_audit_artifact_id,label_artifact_id,locations_artifact_id,detail_artifact_id,source_artifact_id
protocol_a_figure6_source_v2,A,workflow_step,NA,NA,NA,NA,NA,NA,NA,NA,NA,NA,NA,NA,NA,NA,NA,NA,NA,NA,NA,NA,NA,NA,1,Measured train/validation genes,NA,NA,NA,NA,NA,NA,NA,NA
protocol_a_figure6_source_v2,A,workflow_step,NA,NA,NA,NA,NA,NA,NA,NA,NA,NA,NA,NA,NA,NA,NA,NA,NA,NA,NA,NA,NA,NA,2,Predicted held-out test genes,NA,NA,NA,NA,NA,NA,NA,NA
protocol_a_figure6_source_v2,A,workflow_step,NA,NA,NA,NA,NA,NA,NA,NA,NA,NA,NA,NA,NA,NA,NA,NA,NA,NA,NA,NA,NA,NA,3,Completed fold matrix,NA,NA,NA,NA,NA,NA,NA,NA
protocol_a_figure6_source_v2,A,workflow_step,NA,NA,NA,NA,NA,NA,NA,NA,NA,NA,NA,NA,NA,NA,NA,NA,NA,NA,NA,NA,NA,NA,4,Cell-type effect recovery,NA,NA,NA,NA,NA,NA,NA,NA
protocol_a_figure6_source_v2,A,workflow_step,NA,NA,NA,NA,NA,NA,NA,NA,NA,NA,NA,NA,NA,NA,NA,NA,NA,NA,NA,NA,NA,NA,5,Clustering agreement,NA,NA,NA,NA,NA,NA,NA,NA
protocol_a_figure6_source_v2,"B,C",formal_effect_input,seqFISH+ cortex/SVZ,seqFISH_plus_cortex_svz_zeisel_sccortex_ref_shared10000,GeneSPT,validation_selected_readout_genespt57,0,seqFISH_plus_cortex_svz_zeisel_sccortex_ref_shared10000.fold0.GeneSPT,NA,NA,NA,NA,NA,NA,NA,NA,NA,NA,NA,(mean_in-mean_out)/sqrt((var_in+var_out)/2),0,NA,NA,NA,NA,NA,repository/results/protocol_a_full_rerun_20260711/inputs/seqFISH_plus_cortex_svz_zeisel_sccortex_ref_shared10000/fold0/mode_a_split.json,repository/results/protocol_a_full_rerun_20260711/inputs/seqFISH_plus_cortex_svz_zeisel_sccortex_ref_shared10000/fold0/full_truth.npy,repository/results/protocol_a_full_rerun_20260711/evaluation/validation_selected_readout_genespt57/test_predictions/seqFISH_plus_cortex_svz_zeisel_sccortex_ref_shared10000/fold0/GeneSPT.npz,repository/results/protocol_a_full_rerun_20260711/evaluation/validation_selected_readout_genespt57/test_predictions/seqFISH_plus_cortex_svz_zeisel_sccortex_ref_shared10000/fold0/apply_manifest.json,archive/label_provenance/matched_labels/seqfish_plus_cortex_svz_matched_cell_types.csv,archive/processed_datasets/cross_platform/seqFISH_plus_cortex_svz_zeisel_sccortex_ref_shared10000/Locations.txt,NA,NA
protocol_a_figure6_source_v2,"B,C",formal_effect_input,seqFISH+ cortex/SVZ,seqFISH_plus_cortex_svz_zeisel_sccortex_ref_shared10000,Tangram,raw_identity,0,seqFISH_plus_cortex_svz_zeisel_sccortex_ref_shared10000.fold0.Tangram,NA,NA,NA,NA,NA,NA,NA,NA,NA,NA,NA,(mean_in-mean_out)/sqrt((var_in+var_out)/2),0,NA,NA,NA,NA,NA,repository/results/protocol_a_full_rerun_20260711/inputs/seqFISH_plus_cortex_svz_zeisel_sccortex_ref_shared10000/fold0/mode_a_split.json,repository/results/protocol_a_full_rerun_20260711/inputs/seqFISH_plus_cortex_svz_zeisel_sccortex_ref_shared10000/fold0/full_truth.npy,repository/results/protocol_a_full_rerun_20260711/baselines/Tangram/seqFISH_plus_cortex_svz_zeisel_sccortex_ref_shared10000/fold0/imputed_expression.npy,repository/results/protocol_a_full_rerun_20260711/baselines/Tangram/seqFISH_plus_cortex_svz_zeisel_sccortex_ref_shared10000/fold0/adapter_run_audit.json,archive/label_provenance/matched_labels/seqfish_plus_cortex_svz_matched_cell_types.csv,archive/processed_datasets/cross_platform/seqFISH_plus_cortex_svz_zeisel_sccortex_ref_shared10000/Locations.txt,NA,NA
protocol_a_figure6_source_v2,"B,C",formal_effect_input,seqFISH+ cortex/SVZ,seqFISH_plus_cortex_svz_zeisel_sccortex_ref_shared10000,TransImp,raw_identity,0,seqFISH_plus_cortex_svz_zeisel_sccortex_ref_shared10000.fold0.TransImp,NA,NA,NA,NA,NA,NA,NA,NA,NA,NA,NA,(mean_in-mean_out)/sqrt((var_in+var_out)/2),0,NA,NA,NA,NA,NA,repository/results/protocol_a_full_rerun_20260711/inputs/seqFISH_plus_cortex_svz_zeisel_sccortex_ref_shared10000/fold0/mode_a_split.json,repository/results/protocol_a_full_rerun_20260711/inputs/seqFISH_plus_cortex_svz_zeisel_sccortex_ref_shared10000/fold0/full_truth.npy,repository/results/protocol_a_full_rerun_20260711/baselines/TransImp/seqFISH_plus_cortex_svz_zeisel_sccortex_ref_shared10000/fold0/imputed_expression.npy,repository/results/protocol_a_full_rerun_20260711/baselines/TransImp/seqFISH_plus_cortex_svz_zeisel_sccortex_ref_shared10000/fold0/adapter_run_audit.json,archive/label_provenance/matched_labels/seqfish_plus_cortex_svz_matched_cell_types.csv,archive/processed_datasets/cross_platform/seqFISH_plus_cortex_svz_zeisel_sccortex_ref_shared10000/Locations.txt,NA,NA
protocol_a_figure6_source_v2,"B,C",formal_effect_input,seqFISH+ cortex/SVZ,seqFISH_plus_cortex_svz_zeisel_sccortex_ref_shared10000,SpaIM,raw_identity,0,seqFISH_plus_cortex_svz_zeisel_sccortex_ref_shared10000.fold0.SpaIM,NA,NA,NA,NA,NA,NA,NA,NA,NA,NA,NA,(mean_in-mean_out)/sqrt((var_in+var_out)/2),0,NA,NA,NA,NA,NA,repository/results/protocol_a_full_rerun_20260711/inputs/seqFISH_plus_cortex_svz_zeisel_sccortex_ref_shared10000/fold0/mode_a_split.json,repository/results/protocol_a_full_rerun_20260711/inputs/seqFISH_plus_cortex_svz_zeisel_sccortex_ref_shared10000/fold0/full_truth.npy,repository/results/protocol_a_full_rerun_20260711/baselines/SpaIM/seqFISH_plus_cortex_svz_zeisel_sccortex_ref_shared10000/fold0/imputed_expression.npy,repository/results/protocol_a_full_rerun_20260711/baselines/SpaIM/seqFISH_plus_cortex_svz_zeisel_sccortex_ref_shared10000/fold0/adapter_run_audit.json,archive/label_provenance/matched_labels/seqfish_plus_cortex_svz_matched_cell_types.csv,archive/processed_datasets/cross_platform/seqFISH_plus_cortex_svz_zeisel_sccortex_ref_shared10000/Locations.txt,NA,NA
protocol_a_figure6_source_v2,"B,C",formal_effect_input,seqFISH+ cortex/SVZ,seqFISH_plus_cortex_svz_zeisel_sccortex_ref_shared10000,SpaGE,raw_identity,0,seqFISH_plus_cortex_svz_zeisel_sccortex_ref_shared10000.fold0.SpaGE,NA,NA,NA,NA,NA,NA,NA,NA,NA,NA,NA,(mean_in-mean_out)/sqrt((var_in+var_out)/2),0,NA,NA,NA,NA,NA,repository/results/protocol_a_full_rerun_20260711/inputs/seqFISH_plus_cortex_svz_zeisel_sccortex_ref_shared10000/fold0/mode_a_split.json,repository/results/protocol_a_full_rerun_20260711/inputs/seqFISH_plus_cortex_svz_zeisel_sccortex_ref_shared10000/fold0/full_truth.npy,repository/results/protocol_a_full_rerun_20260711/baselines/SpaGE/seqFISH_plus_cortex_svz_zeisel_sccortex_ref_shared10000/fold0/imputed_expression.npy,repository/results/protocol_a_full_rerun_20260711/baselines/SpaGE/seqFISH_plus_cortex_svz_zeisel_sccortex_ref_shared10000/fold0/adapter_run_audit.json,archive/label_provenance/matched_labels/seqfish_plus_cortex_svz_matched_cell_types.csv,archive/processed_datasets/cross_platform/seqFISH_plus_cortex_svz_zeisel_sccortex_ref_shared10000/Locations.txt,NA,NA
protocol_a_figure6_source_v2,"B,C",formal_effect_input,seqFISH+ cortex/SVZ,seqFISH_plus_cortex_svz_zeisel_sccortex_ref_shared10000,stPlus,raw_identity,0,seqFISH_plus_cortex_svz_zeisel_sccortex_ref_shared10000.fold0.stPlus,NA,NA,NA,NA,NA,NA,NA,NA,NA,NA,NA,(mean_in-mean_out)/sqrt((var_in+var_out)/2),0,NA,NA,NA,NA,NA,repository/results/protocol_a_full_rerun_20260711/inputs/seqFISH_plus_cortex_svz_zeisel_sccortex_ref_shared10000/fold0/mode_a_split.json,repository/results/protocol_a_full_rerun_20260711/inputs/seqFISH_plus_cortex_svz_zeisel_sccortex_ref_shared10000/fold0/full_truth.npy,repository/results/protocol_a_full_rerun_20260711/baselines/stPlus/seqFISH_plus_cortex_svz_zeisel_sccortex_ref_shared10000/fold0/imputed_expression.npy,repository/results/protocol_a_full_rerun_20260711/baselines/stPlus/seqFISH_plus_cortex_svz_zeisel_sccortex_ref_shared10000/fold0/adapter_run_audit.json,archive/label_provenance/matched_labels/seqfish_plus_cortex_svz_matched_cell_types.csv,archive/processed_datasets/cross_platform/seqFISH_plus_cortex_svz_zeisel_sccortex_ref_shared10000/Locations.txt,NA,NA
protocol_a_figure6_source_v2,"B,C",formal_effect_input,seqFISH+ cortex/SVZ,seqFISH_plus_cortex_svz_zeisel_sccortex_ref_shared10000,stAI,raw_identity,0,seqFISH_plus_cortex_svz_zeisel_sccortex_ref_shared10000.fold0.stAI,NA,NA,NA,NA,NA,NA,NA,NA,NA,NA,NA,(mean_in-mean_out)/sqrt((var_in+var_out)/2),0,NA,NA,NA,NA,NA,repository/results/protocol_a_full_rerun_20260711/inputs/seqFISH_plus_cortex_svz_zeisel_sccortex_ref_shared10000/fold0/mode_a_split.json,repository/results/protocol_a_full_rerun_20260711/inputs/seqFISH_plus_cortex_svz_zeisel_sccortex_ref_shared10000/fold0/full_truth.npy,repository/results/protocol_a_full_rerun_20260711/baselines/stAI/seqFISH_plus_cortex_svz_zeisel_sccortex_ref_shared10000/fold0/imputed_expression.npy,repository/results/protocol_a_full_rerun_20260711/baselines/stAI/seqFISH_plus_cortex_svz_zeisel_sccortex_ref_shared10000/fold0/adapter_run_audit.json,archive/label_provenance/matched_labels/seqfish_plus_cortex_svz_matched_cell_types.csv,archive/processed_datasets/cross_platform/seqFISH_plus_cortex_svz_zeisel_sccortex_ref_shared10000/Locations.txt,NA,NA
protocol_a_figure6_source_v2,"B,C",formal_effect_input,seqFISH+ cortex/SVZ,seqFISH_plus_cortex_svz_zeisel_sccortex_ref_shared10000,GeneSPT,validation_selected_readout_genespt57,1,seqFISH_plus_cortex_svz_zeisel_sccortex_ref_shared10000.fold1.GeneSPT,NA,NA,NA,NA,NA,NA,NA,NA,NA,NA,NA,(mean_in-mean_out)/sqrt((var_in+var_out)/2),0,NA,NA,NA,NA,NA,repository/results/protocol_a_full_rerun_20260711/inputs/seqFISH_plus_cortex_svz_zeisel_sccortex_ref_shared10000/fold1/mode_a_split.json,repository/results/protocol_a_full_rerun_20260711/inputs/seqFISH_plus_cortex_svz_zeisel_sccortex_ref_shared10000/fold1/full_truth.npy,repository/results/protocol_a_full_rerun_20260711/evaluation/validation_selected_readout_genespt57/test_predictions/seqFISH_plus_cortex_svz_zeisel_sccortex_ref_shared10000/fold1/GeneSPT.npz,repository/results/protocol_a_full_rerun_20260711/evaluation/validation_selected_readout_genespt57/test_predictions/seqFISH_plus_cortex_svz_zeisel_sccortex_ref_shared10000/fold1/apply_manifest.json,archive/label_provenance/matched_labels/seqfish_plus_cortex_svz_matched_cell_types.csv,archive/processed_datasets/cross_platform/seqFISH_plus_cortex_svz_zeisel_sccortex_ref_shared10000/Locations.txt,NA,NA
protocol_a_figure6_source_v2,"B,C",formal_effect_input,seqFISH+ cortex/SVZ,seqFISH_plus_cortex_svz_zeisel_sccortex_ref_shared10000,Tangram,raw_identity,1,seqFISH_plus_cortex_svz_zeisel_sccortex_ref_shared10000.fold1.Tangram,NA,NA,NA,NA,NA,NA,NA,NA,NA,NA,NA,(mean_in-mean_out)/sqrt((var_in+var_out)/2),0,NA,NA,NA,NA,NA,repository/results/protocol_a_full_rerun_20260711/inputs/seqFISH_plus_cortex_svz_zeisel_sccortex_ref_shared10000/fold1/mode_a_split.json,repository/results/protocol_a_full_rerun_20260711/inputs/seqFISH_plus_cortex_svz_zeisel_sccortex_ref_shared10000/fold1/full_truth.npy,repository/results/protocol_a_full_rerun_20260711/baselines/Tangram/seqFISH_plus_cortex_svz_zeisel_sccortex_ref_shared10000/fold1/imputed_expression.npy,repository/results/protocol_a_full_rerun_20260711/baselines/Tangram/seqFISH_plus_cortex_svz_zeisel_sccortex_ref_shared10000/fold1/adapter_run_audit.json,archive/label_provenance/matched_labels/seqfish_plus_cortex_svz_matched_cell_types.csv,archive/processed_datasets/cross_platform/seqFISH_plus_cortex_svz_zeisel_sccortex_ref_shared10000/Locations.txt,NA,NA
protocol_a_figure6_source_v2,"B,C",formal_effect_input,seqFISH+ cortex/SVZ,seqFISH_plus_cortex_svz_zeisel_sccortex_ref_shared10000,TransImp,raw_identity,1,seqFISH_plus_cortex_svz_zeisel_sccortex_ref_shared10000.fold1.TransImp,NA,NA,NA,NA,NA,NA,NA,NA,NA,NA,NA,(mean_in-mean_out)/sqrt((var_in+var_out)/2),0,NA,NA,NA,NA,NA,repository/results/protocol_a_full_rerun_20260711/inputs/seqFISH_plus_cortex_svz_zeisel_sccortex_ref_shared10000/fold1/mode_a_split.json,repository/results/protocol_a_full_rerun_20260711/inputs/seqFISH_plus_cortex_svz_zeisel_sccortex_ref_shared10000/fold1/full_truth.npy,repository/results/protocol_a_full_rerun_20260711/baselines/TransImp/seqFISH_plus_cortex_svz_zeisel_sccortex_ref_shared10000/fold1/imputed_expression.npy,repository/results/protocol_a_full_rerun_20260711/baselines/TransImp/seqFISH_plus_cortex_svz_zeisel_sccortex_ref_shared10000/fold1/adapter_run_audit.json,archive/label_provenance/matched_labels/seqfish_plus_cortex_svz_matched_cell_types.csv,archive/processed_datasets/cross_platform/seqFISH_plus_cortex_svz_zeisel_sccortex_ref_shared10000/Locations.txt,NA,NA
protocol_a_figure6_source_v2,"B,C",formal_effect_input,seqFISH+ cortex/SVZ,seqFISH_plus_cortex_svz_zeisel_sccortex_ref_shared10000,SpaIM,raw_identity,1,seqFISH_plus_cortex_svz_zeisel_sccortex_ref_shared10000.fold1.SpaIM,NA,NA,NA,NA,NA,NA,NA,NA,NA,NA,NA,(mean_in-mean_out)/sqrt((var_in+var_out)/2),0,NA,NA,NA,NA,NA,repository/results/protocol_a_full_rerun_20260711/inputs/seqFISH_plus_cortex_svz_zeisel_sccortex_ref_shared10000/fold1/mode_a_split.json,repository/results/protocol_a_full_rerun_20260711/inputs/seqFISH_plus_cortex_svz_zeisel_sccortex_ref_shared10000/fold1/full_truth.npy,repository/results/protocol_a_full_rerun_20260711/baselines/SpaIM/seqFISH_plus_cortex_svz_zeisel_sccortex_ref_shared10000/fold1/imputed_expression.npy,repository/results/protocol_a_full_rerun_20260711/baselines/SpaIM/seqFISH_plus_cortex_svz_zeisel_sccortex_ref_shared10000/fold1/adapter_run_audit.json,archive/label_provenance/matched_labels/seqfish_plus_cortex_svz_matched_cell_types.csv,archive/processed_datasets/cross_platform/seqFISH_plus_cortex_svz_zeisel_sccortex_ref_shared10000/Locations.txt,NA,NA
protocol_a_figure6_source_v2,"B,C",formal_effect_input,seqFISH+ cortex/SVZ,seqFISH_plus_cortex_svz_zeisel_sccortex_ref_shared10000,SpaGE,raw_identity,1,seqFISH_plus_cortex_svz_zeisel_sccortex_ref_shared10000.fold1.SpaGE,NA,NA,NA,NA,NA,NA,NA,NA,NA,NA,NA,(mean_in-mean_out)/sqrt((var_in+var_out)/2),0,NA,NA,NA,NA,NA,repository/results/protocol_a_full_rerun_20260711/inputs/seqFISH_plus_cortex_svz_zeisel_sccortex_ref_shared10000/fold1/mode_a_split.json,repository/results/protocol_a_full_rerun_20260711/inputs/seqFISH_plus_cortex_svz_zeisel_sccortex_ref_shared10000/fold1/full_truth.npy,repository/results/protocol_a_full_rerun_20260711/baselines/SpaGE/seqFISH_plus_cortex_svz_zeisel_sccortex_ref_shared10000/fold1/imputed_expression.npy,repository/results/protocol_a_full_rerun_20260711/baselines/SpaGE/seqFISH_plus_cortex_svz_zeisel_sccortex_ref_shared10000/fold1/adapter_run_audit.json,archive/label_provenance/matched_labels/seqfish_plus_cortex_svz_matched_cell_types.csv,archive/processed_datasets/cross_platform/seqFISH_plus_cortex_svz_zeisel_sccortex_ref_shared10000/Locations.txt,NA,NA
protocol_a_figure6_source_v2,"B,C",formal_effect_input,seqFISH+ cortex/SVZ,seqFISH_plus_cortex_svz_zeisel_sccortex_ref_shared10000,stPlus,raw_identity,1,seqFISH_plus_cortex_svz_zeisel_sccortex_ref_shared10000.fold1.stPlus,NA,NA,NA,NA,NA,NA,NA,NA,NA,NA,NA,(mean_in-mean_out)/sqrt((var_in+var_out)/2),0,NA,NA,NA,NA,NA,repository/results/protocol_a_full_rerun_20260711/inputs/seqFISH_plus_cortex_svz_zeisel_sccortex_ref_shared10000/fold1/mode_a_split.json,repository/results/protocol_a_full_rerun_20260711/inputs/seqFISH_plus_cortex_svz_zeisel_sccortex_ref_shared10000/fold1/full_truth.npy,repository/results/protocol_a_full_rerun_20260711/baselines/stPlus/seqFISH_plus_cortex_svz_zeisel_sccortex_ref_shared10000/fold1/imputed_expression.npy,repository/results/protocol_a_full_rerun_20260711/baselines/stPlus/seqFISH_plus_cortex_svz_zeisel_sccortex_ref_shared10000/fold1/adapter_run_audit.json,archive/label_provenance/matched_labels/seqfish_plus_cortex_svz_matched_cell_types.csv,archive/processed_datasets/cross_platform/seqFISH_plus_cortex_svz_zeisel_sccortex_ref_shared10000/Locations.txt,NA,NA
protocol_a_figure6_source_v2,"B,C",formal_effect_input,seqFISH+ cortex/SVZ,seqFISH_plus_cortex_svz_zeisel_sccortex_ref_shared10000,stAI,raw_identity,1,seqFISH_plus_cortex_svz_zeisel_sccortex_ref_shared10000.fold1.stAI,NA,NA,NA,NA,NA,NA,NA,NA,NA,NA,NA,(mean_in-mean_out)/sqrt((var_in+var_out)/2),0,NA,NA,NA,NA,NA,repository/results/protocol_a_full_rerun_20260711/inputs/seqFISH_plus_cortex_svz_zeisel_sccortex_ref_shared10000/fold1/mode_a_split.json,repository/results/protocol_a_full_rerun_20260711/inputs/seqFISH_plus_cortex_svz_zeisel_sccortex_ref_shared10000/fold1/full_truth.npy,repository/results/protocol_a_full_rerun_20260711/baselines/stAI/seqFISH_plus_cortex_svz_zeisel_sccortex_ref_shared10000/fold1/imputed_expression.npy,repository/results/protocol_a_full_rerun_20260711/baselines/stAI/seqFISH_plus_cortex_svz_zeisel_sccortex_ref_shared10000/fold1/adapter_run_audit.json,archive/label_provenance/matched_labels/seqfish_plus_cortex_svz_matched_cell_types.csv,archive/processed_datasets/cross_platform/seqFISH_plus_cortex_svz_zeisel_sccortex_ref_shared10000/Locations.txt,NA,NA
protocol_a_figure6_source_v2,"B,C",formal_effect_input,seqFISH+ cortex/SVZ,seqFISH_plus_cortex_svz_zeisel_sccortex_ref_shared10000,GeneSPT,validation_selected_readout_genespt57,2,seqFISH_plus_cortex_svz_zeisel_sccortex_ref_shared10000.fold2.GeneSPT,NA,NA,NA,NA,NA,NA,NA,NA,NA,NA,NA,(mean_in-mean_out)/sqrt((var_in+var_out)/2),0,NA,NA,NA,NA,NA,repository/results/protocol_a_full_rerun_20260711/inputs/seqFISH_plus_cortex_svz_zeisel_sccortex_ref_shared10000/fold2/mode_a_split.json,repository/results/protocol_a_full_rerun_20260711/inputs/seqFISH_plus_cortex_svz_zeisel_sccortex_ref_shared10000/fold2/full_truth.npy,repository/results/protocol_a_full_rerun_20260711/evaluation/validation_selected_readout_genespt57/test_predictions/seqFISH_plus_cortex_svz_zeisel_sccortex_ref_shared10000/fold2/GeneSPT.npz,repository/results/protocol_a_full_rerun_20260711/evaluation/validation_selected_readout_genespt57/test_predictions/seqFISH_plus_cortex_svz_zeisel_sccortex_ref_shared10000/fold2/apply_manifest.json,archive/label_provenance/matched_labels/seqfish_plus_cortex_svz_matched_cell_types.csv,archive/processed_datasets/cross_platform/seqFISH_plus_cortex_svz_zeisel_sccortex_ref_shared10000/Locations.txt,NA,NA
protocol_a_figure6_source_v2,"B,C",formal_effect_input,seqFISH+ cortex/SVZ,seqFISH_plus_cortex_svz_zeisel_sccortex_ref_shared10000,Tangram,raw_identity,2,seqFISH_plus_cortex_svz_zeisel_sccortex_ref_shared10000.fold2.Tangram,NA,NA,NA,NA,NA,NA,NA,NA,NA,NA,NA,(mean_in-mean_out)/sqrt((var_in+var_out)/2),0,NA,NA,NA,NA,NA,repository/results/protocol_a_full_rerun_20260711/inputs/seqFISH_plus_cortex_svz_zeisel_sccortex_ref_shared10000/fold2/mode_a_split.json,repository/results/protocol_a_full_rerun_20260711/inputs/seqFISH_plus_cortex_svz_zeisel_sccortex_ref_shared10000/fold2/full_truth.npy,repository/results/protocol_a_full_rerun_20260711/baselines/Tangram/seqFISH_plus_cortex_svz_zeisel_sccortex_ref_shared10000/fold2/imputed_expression.npy,repository/results/protocol_a_full_rerun_20260711/baselines/Tangram/seqFISH_plus_cortex_svz_zeisel_sccortex_ref_shared10000/fold2/adapter_run_audit.json,archive/label_provenance/matched_labels/seqfish_plus_cortex_svz_matched_cell_types.csv,archive/processed_datasets/cross_platform/seqFISH_plus_cortex_svz_zeisel_sccortex_ref_shared10000/Locations.txt,NA,NA
protocol_a_figure6_source_v2,"B,C",formal_effect_input,seqFISH+ cortex/SVZ,seqFISH_plus_cortex_svz_zeisel_sccortex_ref_shared10000,TransImp,raw_identity,2,seqFISH_plus_cortex_svz_zeisel_sccortex_ref_shared10000.fold2.TransImp,NA,NA,NA,NA,NA,NA,NA,NA,NA,NA,NA,(mean_in-mean_out)/sqrt((var_in+var_out)/2),0,NA,NA,NA,NA,NA,repository/results/protocol_a_full_rerun_20260711/inputs/seqFISH_plus_cortex_svz_zeisel_sccortex_ref_shared10000/fold2/mode_a_split.json,repository/results/protocol_a_full_rerun_20260711/inputs/seqFISH_plus_cortex_svz_zeisel_sccortex_ref_shared10000/fold2/full_truth.npy,repository/results/protocol_a_full_rerun_20260711/baselines/TransImp/seqFISH_plus_cortex_svz_zeisel_sccortex_ref_shared10000/fold2/imputed_expression.npy,repository/results/protocol_a_full_rerun_20260711/baselines/TransImp/seqFISH_plus_cortex_svz_zeisel_sccortex_ref_shared10000/fold2/adapter_run_audit.json,archive/label_provenance/matched_labels/seqfish_plus_cortex_svz_matched_cell_types.csv,archive/processed_datasets/cross_platform/seqFISH_plus_cortex_svz_zeisel_sccortex_ref_shared10000/Locations.txt,NA,NA
protocol_a_figure6_source_v2,"B,C",formal_effect_input,seqFISH+ cortex/SVZ,seqFISH_plus_cortex_svz_zeisel_sccortex_ref_shared10000,SpaIM,raw_identity,2,seqFISH_plus_cortex_svz_zeisel_sccortex_ref_shared10000.fold2.SpaIM,NA,NA,NA,NA,NA,NA,NA,NA,NA,NA,NA,(mean_in-mean_out)/sqrt((var_in+var_out)/2),0,NA,NA,NA,NA,NA,repository/results/protocol_a_full_rerun_20260711/inputs/seqFISH_plus_cortex_svz_zeisel_sccortex_ref_shared10000/fold2/mode_a_split.json,repository/results/protocol_a_full_rerun_20260711/inputs/seqFISH_plus_cortex_svz_zeisel_sccortex_ref_shared10000/fold2/full_truth.npy,repository/results/protocol_a_full_rerun_20260711/baselines/SpaIM/seqFISH_plus_cortex_svz_zeisel_sccortex_ref_shared10000/fold2/imputed_expression.npy,repository/results/protocol_a_full_rerun_20260711/baselines/SpaIM/seqFISH_plus_cortex_svz_zeisel_sccortex_ref_shared10000/fold2/adapter_run_audit.json,archive/label_provenance/matched_labels/seqfish_plus_cortex_svz_matched_cell_types.csv,archive/processed_datasets/cross_platform/seqFISH_plus_cortex_svz_zeisel_sccortex_ref_shared10000/Locations.txt,NA,NA
protocol_a_figure6_source_v2,"B,C",formal_effect_input,seqFISH+ cortex/SVZ,seqFISH_plus_cortex_svz_zeisel_sccortex_ref_shared10000,SpaGE,raw_identity,2,seqFISH_plus_cortex_svz_zeisel_sccortex_ref_shared10000.fold2.SpaGE,NA,NA,NA,NA,NA,NA,NA,NA,NA,NA,NA,(mean_in-mean_out)/sqrt((var_in+var_out)/2),0,NA,NA,NA,NA,NA,repository/results/protocol_a_full_rerun_20260711/inputs/seqFISH_plus_cortex_svz_zeisel_sccortex_ref_shared10000/fold2/mode_a_split.json,repository/results/protocol_a_full_rerun_20260711/inputs/seqFISH_plus_cortex_svz_zeisel_sccortex_ref_shared10000/fold2/full_truth.npy,repository/results/protocol_a_full_rerun_20260711/baselines/SpaGE/seqFISH_plus_cortex_svz_zeisel_sccortex_ref_shared10000/fold2/imputed_expression.npy,repository/results/protocol_a_full_rerun_20260711/baselines/SpaGE/seqFISH_plus_cortex_svz_zeisel_sccortex_ref_shared10000/fold2/adapter_run_audit.json,archive/label_provenance/matched_labels/seqfish_plus_cortex_svz_matched_cell_types.csv,archive/processed_datasets/cross_platform/seqFISH_plus_cortex_svz_zeisel_sccortex_ref_shared10000/Locations.txt,NA,NA
protocol_a_figure6_source_v2,"B,C",formal_effect_input,seqFISH+ cortex/SVZ,seqFISH_plus_cortex_svz_zeisel_sccortex_ref_shared10000,stPlus,raw_identity,2,seqFISH_plus_cortex_svz_zeisel_sccortex_ref_shared10000.fold2.stPlus,NA,NA,NA,NA,NA,NA,NA,NA,NA,NA,NA,(mean_in-mean_out)/sqrt((var_in+var_out)/2),0,NA,NA,NA,NA,NA,repository/results/protocol_a_full_rerun_20260711/inputs/seqFISH_plus_cortex_svz_zeisel_sccortex_ref_shared10000/fold2/mode_a_split.json,repository/results/protocol_a_full_rerun_20260711/inputs/seqFISH_plus_cortex_svz_zeisel_sccortex_ref_shared10000/fold2/full_truth.npy,repository/results/protocol_a_full_rerun_20260711/baselines/stPlus/seqFISH_plus_cortex_svz_zeisel_sccortex_ref_shared10000/fold2/imputed_expression.npy,repository/results/protocol_a_full_rerun_20260711/baselines/stPlus/seqFISH_plus_cortex_svz_zeisel_sccortex_ref_shared10000/fold2/adapter_run_audit.json,archive/label_provenance/matched_labels/seqfish_plus_cortex_svz_matched_cell_types.csv,archive/processed_datasets/cross_platform/seqFISH_plus_cortex_svz_zeisel_sccortex_ref_shared10000/Locations.txt,NA,NA
protocol_a_figure6_source_v2,"B,C",formal_effect_input,seqFISH+ cortex/SVZ,seqFISH_plus_cortex_svz_zeisel_sccortex_ref_shared10000,stAI,raw_identity,2,seqFISH_plus_cortex_svz_zeisel_sccortex_ref_shared10000.fold2.stAI,NA,NA,NA,NA,NA,NA,NA,NA,NA,NA,NA,(mean_in-mean_out)/sqrt((var_in+var_out)/2),0,NA,NA,NA,NA,NA,repository/results/protocol_a_full_rerun_20260711/inputs/seqFISH_plus_cortex_svz_zeisel_sccortex_ref_shared10000/fold2/mode_a_split.json,repository/results/protocol_a_full_rerun_20260711/inputs/seqFISH_plus_cortex_svz_zeisel_sccortex_ref_shared10000/fold2/full_truth.npy,repository/results/protocol_a_full_rerun_20260711/baselines/stAI/seqFISH_plus_cortex_svz_zeisel_sccortex_ref_shared10000/fold2/imputed_expression.npy,repository/results/protocol_a_full_rerun_20260711/baselines/stAI/seqFISH_plus_cortex_svz_zeisel_sccortex_ref_shared10000/fold2/adapter_run_audit.json,archive/label_provenance/matched_labels/seqfish_plus_cortex_svz_matched_cell_types.csv,archive/processed_datasets/cross_platform/seqFISH_plus_cortex_svz_zeisel_sccortex_ref_shared10000/Locations.txt,NA,NA
protocol_a_figure6_source_v2,"B,C",formal_effect_input,seqFISH+ cortex/SVZ,seqFISH_plus_cortex_svz_zeisel_sccortex_ref_shared10000,GeneSPT,validation_selected_readout_genespt57,3,seqFISH_plus_cortex_svz_zeisel_sccortex_ref_shared10000.fold3.GeneSPT,NA,NA,NA,NA,NA,NA,NA,NA,NA,NA,NA,(mean_in-mean_out)/sqrt((var_in+var_out)/2),0,NA,NA,NA,NA,NA,repository/results/protocol_a_full_rerun_20260711/inputs/seqFISH_plus_cortex_svz_zeisel_sccortex_ref_shared10000/fold3/mode_a_split.json,repository/results/protocol_a_full_rerun_20260711/inputs/seqFISH_plus_cortex_svz_zeisel_sccortex_ref_shared10000/fold3/full_truth.npy,repository/results/protocol_a_full_rerun_20260711/evaluation/validation_selected_readout_genespt57/test_predictions/seqFISH_plus_cortex_svz_zeisel_sccortex_ref_shared10000/fold3/GeneSPT.npz,repository/results/protocol_a_full_rerun_20260711/evaluation/validation_selected_readout_genespt57/test_predictions/seqFISH_plus_cortex_svz_zeisel_sccortex_ref_shared10000/fold3/apply_manifest.json,archive/label_provenance/matched_labels/seqfish_plus_cortex_svz_matched_cell_types.csv,archive/processed_datasets/cross_platform/seqFISH_plus_cortex_svz_zeisel_sccortex_ref_shared10000/Locations.txt,NA,NA
protocol_a_figure6_source_v2,"B,C",formal_effect_input,seqFISH+ cortex/SVZ,seqFISH_plus_cortex_svz_zeisel_sccortex_ref_shared10000,Tangram,raw_identity,3,seqFISH_plus_cortex_svz_zeisel_sccortex_ref_shared10000.fold3.Tangram,NA,NA,NA,NA,NA,NA,NA,NA,NA,NA,NA,(mean_in-mean_out)/sqrt((var_in+var_out)/2),0,NA,NA,NA,NA,NA,repository/results/protocol_a_full_rerun_20260711/inputs/seqFISH_plus_cortex_svz_zeisel_sccortex_ref_shared10000/fold3/mode_a_split.json,repository/results/protocol_a_full_rerun_20260711/inputs/seqFISH_plus_cortex_svz_zeisel_sccortex_ref_shared10000/fold3/full_truth.npy,repository/results/protocol_a_full_rerun_20260711/baselines/Tangram/seqFISH_plus_cortex_svz_zeisel_sccortex_ref_shared10000/fold3/imputed_expression.npy,repository/results/protocol_a_full_rerun_20260711/baselines/Tangram/seqFISH_plus_cortex_svz_zeisel_sccortex_ref_shared10000/fold3/adapter_run_audit.json,archive/label_provenance/matched_labels/seqfish_plus_cortex_svz_matched_cell_types.csv,archive/processed_datasets/cross_platform/seqFISH_plus_cortex_svz_zeisel_sccortex_ref_shared10000/Locations.txt,NA,NA
protocol_a_figure6_source_v2,"B,C",formal_effect_input,seqFISH+ cortex/SVZ,seqFISH_plus_cortex_svz_zeisel_sccortex_ref_shared10000,TransImp,raw_identity,3,seqFISH_plus_cortex_svz_zeisel_sccortex_ref_shared10000.fold3.TransImp,NA,NA,NA,NA,NA,NA,NA,NA,NA,NA,NA,(mean_in-mean_out)/sqrt((var_in+var_out)/2),0,NA,NA,NA,NA,NA,repository/results/protocol_a_full_rerun_20260711/inputs/seqFISH_plus_cortex_svz_zeisel_sccortex_ref_shared10000/fold3/mode_a_split.json,repository/results/protocol_a_full_rerun_20260711/inputs/seqFISH_plus_cortex_svz_zeisel_sccortex_ref_shared10000/fold3/full_truth.npy,repository/results/protocol_a_full_rerun_20260711/baselines/TransImp/seqFISH_plus_cortex_svz_zeisel_sccortex_ref_shared10000/fold3/imputed_expression.npy,repository/results/protocol_a_full_rerun_20260711/baselines/TransImp/seqFISH_plus_cortex_svz_zeisel_sccortex_ref_shared10000/fold3/adapter_run_audit.json,archive/label_provenance/matched_labels/seqfish_plus_cortex_svz_matched_cell_types.csv,archive/processed_datasets/cross_platform/seqFISH_plus_cortex_svz_zeisel_sccortex_ref_shared10000/Locations.txt,NA,NA
protocol_a_figure6_source_v2,"B,C",formal_effect_input,seqFISH+ cortex/SVZ,seqFISH_plus_cortex_svz_zeisel_sccortex_ref_shared10000,SpaIM,raw_identity,3,seqFISH_plus_cortex_svz_zeisel_sccortex_ref_shared10000.fold3.SpaIM,NA,NA,NA,NA,NA,NA,NA,NA,NA,NA,NA,(mean_in-mean_out)/sqrt((var_in+var_out)/2),0,NA,NA,NA,NA,NA,repository/results/protocol_a_full_rerun_20260711/inputs/seqFISH_plus_cortex_svz_zeisel_sccortex_ref_shared10000/fold3/mode_a_split.json,repository/results/protocol_a_full_rerun_20260711/inputs/seqFISH_plus_cortex_svz_zeisel_sccortex_ref_shared10000/fold3/full_truth.npy,repository/results/protocol_a_full_rerun_20260711/baselines/SpaIM/seqFISH_plus_cortex_svz_zeisel_sccortex_ref_shared10000/fold3/imputed_expression.npy,repository/results/protocol_a_full_rerun_20260711/baselines/SpaIM/seqFISH_plus_cortex_svz_zeisel_sccortex_ref_shared10000/fold3/adapter_run_audit.json,archive/label_provenance/matched_labels/seqfish_plus_cortex_svz_matched_cell_types.csv,archive/processed_datasets/cross_platform/seqFISH_plus_cortex_svz_zeisel_sccortex_ref_shared10000/Locations.txt,NA,NA
protocol_a_figure6_source_v2,"B,C",formal_effect_input,seqFISH+ cortex/SVZ,seqFISH_plus_cortex_svz_zeisel_sccortex_ref_shared10000,SpaGE,raw_identity,3,seqFISH_plus_cortex_svz_zeisel_sccortex_ref_shared10000.fold3.SpaGE,NA,NA,NA,NA,NA,NA,NA,NA,NA,NA,NA,(mean_in-mean_out)/sqrt((var_in+var_out)/2),0,NA,NA,NA,NA,NA,repository/results/protocol_a_full_rerun_20260711/inputs/seqFISH_plus_cortex_svz_zeisel_sccortex_ref_shared10000/fold3/mode_a_split.json,repository/results/protocol_a_full_rerun_20260711/inputs/seqFISH_plus_cortex_svz_zeisel_sccortex_ref_shared10000/fold3/full_truth.npy,repository/results/protocol_a_full_rerun_20260711/baselines/SpaGE/seqFISH_plus_cortex_svz_zeisel_sccortex_ref_shared10000/fold3/imputed_expression.npy,repository/results/protocol_a_full_rerun_20260711/baselines/SpaGE/seqFISH_plus_cortex_svz_zeisel_sccortex_ref_shared10000/fold3/adapter_run_audit.json,archive/label_provenance/matched_labels/seqfish_plus_cortex_svz_matched_cell_types.csv,archive/processed_datasets/cross_platform/seqFISH_plus_cortex_svz_zeisel_sccortex_ref_shared10000/Locations.txt,NA,NA
protocol_a_figure6_source_v2,"B,C",formal_effect_input,seqFISH+ cortex/SVZ,seqFISH_plus_cortex_svz_zeisel_sccortex_ref_shared10000,stPlus,raw_identity,3,seqFISH_plus_cortex_svz_zeisel_sccortex_ref_shared10000.fold3.stPlus,NA,NA,NA,NA,NA,NA,NA,NA,NA,NA,NA,(mean_in-mean_out)/sqrt((var_in+var_out)/2),0,NA,NA,NA,NA,NA,repository/results/protocol_a_full_rerun_20260711/inputs/seqFISH_plus_cortex_svz_zeisel_sccortex_ref_shared10000/fold3/mode_a_split.json,repository/results/protocol_a_full_rerun_20260711/inputs/seqFISH_plus_cortex_svz_zeisel_sccortex_ref_shared10000/fold3/full_truth.npy,repository/results/protocol_a_full_rerun_20260711/baselines/stPlus/seqFISH_plus_cortex_svz_zeisel_sccortex_ref_shared10000/fold3/imputed_expression.npy,repository/results/protocol_a_full_rerun_20260711/baselines/stPlus/seqFISH_plus_cortex_svz_zeisel_sccortex_ref_shared10000/fold3/adapter_run_audit.json,archive/label_provenance/matched_labels/seqfish_plus_cortex_svz_matched_cell_types.csv,archive/processed_datasets/cross_platform/seqFISH_plus_cortex_svz_zeisel_sccortex_ref_shared10000/Locations.txt,NA,NA
protocol_a_figure6_source_v2,"B,C",formal_effect_input,seqFISH+ cortex/SVZ,seqFISH_plus_cortex_svz_zeisel_sccortex_ref_shared10000,stAI,raw_identity,3,seqFISH_plus_cortex_svz_zeisel_sccortex_ref_shared10000.fold3.stAI,NA,NA,NA,NA,NA,NA,NA,NA,NA,NA,NA,(mean_in-mean_out)/sqrt((var_in+var_out)/2),0,NA,NA,NA,NA,NA,repository/results/protocol_a_full_rerun_20260711/inputs/seqFISH_plus_cortex_svz_zeisel_sccortex_ref_shared10000/fold3/mode_a_split.json,repository/results/protocol_a_full_rerun_20260711/inputs/seqFISH_plus_cortex_svz_zeisel_sccortex_ref_shared10000/fold3/full_truth.npy,repository/results/protocol_a_full_rerun_20260711/baselines/stAI/seqFISH_plus_cortex_svz_zeisel_sccortex_ref_shared10000/fold3/imputed_expression.npy,repository/results/protocol_a_full_rerun_20260711/baselines/stAI/seqFISH_plus_cortex_svz_zeisel_sccortex_ref_shared10000/fold3/adapter_run_audit.json,archive/label_provenance/matched_labels/seqfish_plus_cortex_svz_matched_cell_types.csv,archive/processed_datasets/cross_platform/seqFISH_plus_cortex_svz_zeisel_sccortex_ref_shared10000/Locations.txt,NA,NA
protocol_a_figure6_source_v2,"B,C",formal_effect_input,seqFISH+ cortex/SVZ,seqFISH_plus_cortex_svz_zeisel_sccortex_ref_shared10000,GeneSPT,validation_selected_readout_genespt57,4,seqFISH_plus_cortex_svz_zeisel_sccortex_ref_shared10000.fold4.GeneSPT,NA,NA,NA,NA,NA,NA,NA,NA,NA,NA,NA,(mean_in-mean_out)/sqrt((var_in+var_out)/2),0,NA,NA,NA,NA,NA,repository/results/protocol_a_full_rerun_20260711/inputs/seqFISH_plus_cortex_svz_zeisel_sccortex_ref_shared10000/fold4/mode_a_split.json,repository/results/protocol_a_full_rerun_20260711/inputs/seqFISH_plus_cortex_svz_zeisel_sccortex_ref_shared10000/fold4/full_truth.npy,repository/results/protocol_a_full_rerun_20260711/evaluation/validation_selected_readout_genespt57/test_predictions/seqFISH_plus_cortex_svz_zeisel_sccortex_ref_shared10000/fold4/GeneSPT.npz,repository/results/protocol_a_full_rerun_20260711/evaluation/validation_selected_readout_genespt57/test_predictions/seqFISH_plus_cortex_svz_zeisel_sccortex_ref_shared10000/fold4/apply_manifest.json,archive/label_provenance/matched_labels/seqfish_plus_cortex_svz_matched_cell_types.csv,archive/processed_datasets/cross_platform/seqFISH_plus_cortex_svz_zeisel_sccortex_ref_shared10000/Locations.txt,NA,NA
protocol_a_figure6_source_v2,"B,C",formal_effect_input,seqFISH+ cortex/SVZ,seqFISH_plus_cortex_svz_zeisel_sccortex_ref_shared10000,Tangram,raw_identity,4,seqFISH_plus_cortex_svz_zeisel_sccortex_ref_shared10000.fold4.Tangram,NA,NA,NA,NA,NA,NA,NA,NA,NA,NA,NA,(mean_in-mean_out)/sqrt((var_in+var_out)/2),0,NA,NA,NA,NA,NA,repository/results/protocol_a_full_rerun_20260711/inputs/seqFISH_plus_cortex_svz_zeisel_sccortex_ref_shared10000/fold4/mode_a_split.json,repository/results/protocol_a_full_rerun_20260711/inputs/seqFISH_plus_cortex_svz_zeisel_sccortex_ref_shared10000/fold4/full_truth.npy,repository/results/protocol_a_full_rerun_20260711/baselines/Tangram/seqFISH_plus_cortex_svz_zeisel_sccortex_ref_shared10000/fold4/imputed_expression.npy,repository/results/protocol_a_full_rerun_20260711/baselines/Tangram/seqFISH_plus_cortex_svz_zeisel_sccortex_ref_shared10000/fold4/adapter_run_audit.json,archive/label_provenance/matched_labels/seqfish_plus_cortex_svz_matched_cell_types.csv,archive/processed_datasets/cross_platform/seqFISH_plus_cortex_svz_zeisel_sccortex_ref_shared10000/Locations.txt,NA,NA
protocol_a_figure6_source_v2,"B,C",formal_effect_input,seqFISH+ cortex/SVZ,seqFISH_plus_cortex_svz_zeisel_sccortex_ref_shared10000,TransImp,raw_identity,4,seqFISH_plus_cortex_svz_zeisel_sccortex_ref_shared10000.fold4.TransImp,NA,NA,NA,NA,NA,NA,NA,NA,NA,NA,NA,(mean_in-mean_out)/sqrt((var_in+var_out)/2),0,NA,NA,NA,NA,NA,repository/results/protocol_a_full_rerun_20260711/inputs/seqFISH_plus_cortex_svz_zeisel_sccortex_ref_shared10000/fold4/mode_a_split.json,repository/results/protocol_a_full_rerun_20260711/inputs/seqFISH_plus_cortex_svz_zeisel_sccortex_ref_shared10000/fold4/full_truth.npy,repository/results/protocol_a_full_rerun_20260711/baselines/TransImp/seqFISH_plus_cortex_svz_zeisel_sccortex_ref_shared10000/fold4/imputed_expression.npy,repository/results/protocol_a_full_rerun_20260711/baselines/TransImp/seqFISH_plus_cortex_svz_zeisel_sccortex_ref_shared10000/fold4/adapter_run_audit.json,archive/label_provenance/matched_labels/seqfish_plus_cortex_svz_matched_cell_types.csv,archive/processed_datasets/cross_platform/seqFISH_plus_cortex_svz_zeisel_sccortex_ref_shared10000/Locations.txt,NA,NA
protocol_a_figure6_source_v2,"B,C",formal_effect_input,seqFISH+ cortex/SVZ,seqFISH_plus_cortex_svz_zeisel_sccortex_ref_shared10000,SpaIM,raw_identity,4,seqFISH_plus_cortex_svz_zeisel_sccortex_ref_shared10000.fold4.SpaIM,NA,NA,NA,NA,NA,NA,NA,NA,NA,NA,NA,(mean_in-mean_out)/sqrt((var_in+var_out)/2),0,NA,NA,NA,NA,NA,repository/results/protocol_a_full_rerun_20260711/inputs/seqFISH_plus_cortex_svz_zeisel_sccortex_ref_shared10000/fold4/mode_a_split.json,repository/results/protocol_a_full_rerun_20260711/inputs/seqFISH_plus_cortex_svz_zeisel_sccortex_ref_shared10000/fold4/full_truth.npy,repository/results/protocol_a_full_rerun_20260711/baselines/SpaIM/seqFISH_plus_cortex_svz_zeisel_sccortex_ref_shared10000/fold4/imputed_expression.npy,repository/results/protocol_a_full_rerun_20260711/baselines/SpaIM/seqFISH_plus_cortex_svz_zeisel_sccortex_ref_shared10000/fold4/adapter_run_audit.json,archive/label_provenance/matched_labels/seqfish_plus_cortex_svz_matched_cell_types.csv,archive/processed_datasets/cross_platform/seqFISH_plus_cortex_svz_zeisel_sccortex_ref_shared10000/Locations.txt,NA,NA
protocol_a_figure6_source_v2,"B,C",formal_effect_input,seqFISH+ cortex/SVZ,seqFISH_plus_cortex_svz_zeisel_sccortex_ref_shared10000,SpaGE,raw_identity,4,seqFISH_plus_cortex_svz_zeisel_sccortex_ref_shared10000.fold4.SpaGE,NA,NA,NA,NA,NA,NA,NA,NA,NA,NA,NA,(mean_in-mean_out)/sqrt((var_in+var_out)/2),0,NA,NA,NA,NA,NA,repository/results/protocol_a_full_rerun_20260711/inputs/seqFISH_plus_cortex_svz_zeisel_sccortex_ref_shared10000/fold4/mode_a_split.json,repository/results/protocol_a_full_rerun_20260711/inputs/seqFISH_plus_cortex_svz_zeisel_sccortex_ref_shared10000/fold4/full_truth.npy,repository/results/protocol_a_full_rerun_20260711/baselines/SpaGE/seqFISH_plus_cortex_svz_zeisel_sccortex_ref_shared10000/fold4/imputed_expression.npy,repository/results/protocol_a_full_rerun_20260711/baselines/SpaGE/seqFISH_plus_cortex_svz_zeisel_sccortex_ref_shared10000/fold4/adapter_run_audit.json,archive/label_provenance/matched_labels/seqfish_plus_cortex_svz_matched_cell_types.csv,archive/processed_datasets/cross_platform/seqFISH_plus_cortex_svz_zeisel_sccortex_ref_shared10000/Locations.txt,NA,NA
protocol_a_figure6_source_v2,"B,C",formal_effect_input,seqFISH+ cortex/SVZ,seqFISH_plus_cortex_svz_zeisel_sccortex_ref_shared10000,stPlus,raw_identity,4,seqFISH_plus_cortex_svz_zeisel_sccortex_ref_shared10000.fold4.stPlus,NA,NA,NA,NA,NA,NA,NA,NA,NA,NA,NA,(mean_in-mean_out)/sqrt((var_in+var_out)/2),0,NA,NA,NA,NA,NA,repository/results/protocol_a_full_rerun_20260711/inputs/seqFISH_plus_cortex_svz_zeisel_sccortex_ref_shared10000/fold4/mode_a_split.json,repository/results/protocol_a_full_rerun_20260711/inputs/seqFISH_plus_cortex_svz_zeisel_sccortex_ref_shared10000/fold4/full_truth.npy,repository/results/protocol_a_full_rerun_20260711/baselines/stPlus/seqFISH_plus_cortex_svz_zeisel_sccortex_ref_shared10000/fold4/imputed_expression.npy,repository/results/protocol_a_full_rerun_20260711/baselines/stPlus/seqFISH_plus_cortex_svz_zeisel_sccortex_ref_shared10000/fold4/adapter_run_audit.json,archive/label_provenance/matched_labels/seqfish_plus_cortex_svz_matched_cell_types.csv,archive/processed_datasets/cross_platform/seqFISH_plus_cortex_svz_zeisel_sccortex_ref_shared10000/Locations.txt,NA,NA
protocol_a_figure6_source_v2,"B,C",formal_effect_input,seqFISH+ cortex/SVZ,seqFISH_plus_cortex_svz_zeisel_sccortex_ref_shared10000,stAI,raw_identity,4,seqFISH_plus_cortex_svz_zeisel_sccortex_ref_shared10000.fold4.stAI,NA,NA,NA,NA,NA,NA,NA,NA,NA,NA,NA,(mean_in-mean_out)/sqrt((var_in+var_out)/2),0,NA,NA,NA,NA,NA,repository/results/protocol_a_full_rerun_20260711/inputs/seqFISH_plus_cortex_svz_zeisel_sccortex_ref_shared10000/fold4/mode_a_split.json,repository/results/protocol_a_full_rerun_20260711/inputs/seqFISH_plus_cortex_svz_zeisel_sccortex_ref_shared10000/fold4/full_truth.npy,repository/results/protocol_a_full_rerun_20260711/baselines/stAI/seqFISH_plus_cortex_svz_zeisel_sccortex_ref_shared10000/fold4/imputed_expression.npy,repository/results/protocol_a_full_rerun_20260711/baselines/stAI/seqFISH_plus_cortex_svz_zeisel_sccortex_ref_shared10000/fold4/adapter_run_audit.json,archive/label_provenance/matched_labels/seqfish_plus_cortex_svz_matched_cell_types.csv,archive/processed_datasets/cross_platform/seqFISH_plus_cortex_svz_zeisel_sccortex_ref_shared10000/Locations.txt,NA,NA
protocol_a_figure6_source_v2,B,fold_cell_type_metric_summary,seqFISH+ cortex/SVZ,seqFISH_plus_cortex_svz_zeisel_sccortex_ref_shared10000,GeneSPT,validation_selected_readout_genespt57,NA,NA,Effect Spearman,higher,0.20935930220886256,0.16059631174558278,50,NA,NA,NA,NA,NA,NA,(mean_in-mean_out)/sqrt((var_in+var_out)/2),0,NA,NA,NA,NA,NA,NA,NA,NA,NA,NA,NA,repository/results/protocol_a_full_rerun_20260711/figures/figure6/protocol_a_figure6_panel_b_records.csv,NA
protocol_a_figure6_source_v2,B,fold_cell_type_metric_summary,seqFISH+ cortex/SVZ,seqFISH_plus_cortex_svz_zeisel_sccortex_ref_shared10000,GeneSPT,validation_selected_readout_genespt57,NA,NA,Effect MAE,lower,0.71308375934902668,0.30922368308896975,50,NA,NA,NA,NA,NA,NA,(mean_in-mean_out)/sqrt((var_in+var_out)/2),0,NA,NA,NA,NA,NA,NA,NA,NA,NA,NA,NA,repository/results/protocol_a_full_rerun_20260711/figures/figure6/protocol_a_figure6_panel_b_records.csv,NA
protocol_a_figure6_source_v2,B,fold_cell_type_metric_summary,seqFISH+ cortex/SVZ,seqFISH_plus_cortex_svz_zeisel_sccortex_ref_shared10000,GeneSPT,validation_selected_readout_genespt57,NA,NA,Top-20 positive-effect overlap,higher,4.5999999999999996,3.8385796692984009,50,NA,NA,NA,NA,NA,NA,(mean_in-mean_out)/sqrt((var_in+var_out)/2),0,NA,NA,NA,NA,NA,NA,NA,NA,NA,NA,NA,repository/results/protocol_a_full_rerun_20260711/figures/figure6/protocol_a_figure6_panel_b_records.csv,NA
protocol_a_figure6_source_v2,B,fold_cell_type_metric_summary,seqFISH+ cortex/SVZ,seqFISH_plus_cortex_svz_zeisel_sccortex_ref_shared10000,GeneSPT,validation_selected_readout_genespt57,NA,NA,Top-50 positive-effect overlap,higher,12.859999999999999,10.472529663410862,50,NA,NA,NA,NA,NA,NA,(mean_in-mean_out)/sqrt((var_in+var_out)/2),0,NA,NA,NA,NA,NA,NA,NA,NA,NA,NA,NA,repository/results/protocol_a_full_rerun_20260711/figures/figure6/protocol_a_figure6_panel_b_records.csv,NA
protocol_a_figure6_source_v2,B,fold_cell_type_metric_summary,seqFISH+ cortex/SVZ,seqFISH_plus_cortex_svz_zeisel_sccortex_ref_shared10000,Tangram,raw_identity,NA,NA,Effect Spearman,higher,0.1675900223449231,0.16156649923400529,50,NA,NA,NA,NA,NA,NA,(mean_in-mean_out)/sqrt((var_in+var_out)/2),0,NA,NA,NA,NA,NA,NA,NA,NA,NA,NA,NA,repository/results/protocol_a_full_rerun_20260711/figures/figure6/protocol_a_figure6_panel_b_records.csv,NA
protocol_a_figure6_source_v2,B,fold_cell_type_metric_summary,seqFISH+ cortex/SVZ,seqFISH_plus_cortex_svz_zeisel_sccortex_ref_shared10000,Tangram,raw_identity,NA,NA,Effect MAE,lower,0.70855289685051048,0.36524248895501543,50,NA,NA,NA,NA,NA,NA,(mean_in-mean_out)/sqrt((var_in+var_out)/2),0,NA,NA,NA,NA,NA,NA,NA,NA,NA,NA,NA,repository/results/protocol_a_full_rerun_20260711/figures/figure6/protocol_a_figure6_panel_b_records.csv,NA
protocol_a_figure6_source_v2,B,fold_cell_type_metric_summary,seqFISH+ cortex/SVZ,seqFISH_plus_cortex_svz_zeisel_sccortex_ref_shared10000,Tangram,raw_identity,NA,NA,Top-20 positive-effect overlap,higher,0.78000000000000003,1.165665265075734,50,NA,NA,NA,NA,NA,NA,(mean_in-mean_out)/sqrt((var_in+var_out)/2),0,NA,NA,NA,NA,NA,NA,NA,NA,NA,NA,NA,repository/results/protocol_a_full_rerun_20260711/figures/figure6/protocol_a_figure6_panel_b_records.csv,NA
protocol_a_figure6_source_v2,B,fold_cell_type_metric_summary,seqFISH+ cortex/SVZ,seqFISH_plus_cortex_svz_zeisel_sccortex_ref_shared10000,Tangram,raw_identity,NA,NA,Top-50 positive-effect overlap,higher,4.9199999999999999,4.7070940816896307,50,NA,NA,NA,NA,NA,NA,(mean_in-mean_out)/sqrt((var_in+var_out)/2),0,NA,NA,NA,NA,NA,NA,NA,NA,NA,NA,NA,repository/results/protocol_a_full_rerun_20260711/figures/figure6/protocol_a_figure6_panel_b_records.csv,NA
protocol_a_figure6_source_v2,B,fold_cell_type_metric_summary,seqFISH+ cortex/SVZ,seqFISH_plus_cortex_svz_zeisel_sccortex_ref_shared10000,TransImp,raw_identity,NA,NA,Effect Spearman,higher,0.22237748854697159,0.11129504325096845,50,NA,NA,NA,NA,NA,NA,(mean_in-mean_out)/sqrt((var_in+var_out)/2),0,NA,NA,NA,NA,NA,NA,NA,NA,NA,NA,NA,repository/results/protocol_a_full_rerun_20260711/figures/figure6/protocol_a_figure6_panel_b_records.csv,NA
protocol_a_figure6_source_v2,B,fold_cell_type_metric_summary,seqFISH+ cortex/SVZ,seqFISH_plus_cortex_svz_zeisel_sccortex_ref_shared10000,TransImp,raw_identity,NA,NA,Effect MAE,lower,0.62372738284572893,0.22539360606778797,50,NA,NA,NA,NA,NA,NA,(mean_in-mean_out)/sqrt((var_in+var_out)/2),0,NA,NA,NA,NA,NA,NA,NA,NA,NA,NA,NA,repository/results/protocol_a_full_rerun_20260711/figures/figure6/protocol_a_figure6_panel_b_records.csv,NA
protocol_a_figure6_source_v2,B,fold_cell_type_metric_summary,seqFISH+ cortex/SVZ,seqFISH_plus_cortex_svz_zeisel_sccortex_ref_shared10000,TransImp,raw_identity,NA,NA,Top-20 positive-effect overlap,higher,3.52,2.7422618401604177,50,NA,NA,NA,NA,NA,NA,(mean_in-mean_out)/sqrt((var_in+var_out)/2),0,NA,NA,NA,NA,NA,NA,NA,NA,NA,NA,NA,repository/results/protocol_a_full_rerun_20260711/figures/figure6/protocol_a_figure6_panel_b_records.csv,NA
protocol_a_figure6_source_v2,B,fold_cell_type_metric_summary,seqFISH+ cortex/SVZ,seqFISH_plus_cortex_svz_zeisel_sccortex_ref_shared10000,TransImp,raw_identity,NA,NA,Top-50 positive-effect overlap,higher,10.960000000000001,7.5941975701645967,50,NA,NA,NA,NA,NA,NA,(mean_in-mean_out)/sqrt((var_in+var_out)/2),0,NA,NA,NA,NA,NA,NA,NA,NA,NA,NA,NA,repository/results/protocol_a_full_rerun_20260711/figures/figure6/protocol_a_figure6_panel_b_records.csv,NA
protocol_a_figure6_source_v2,B,fold_cell_type_metric_summary,seqFISH+ cortex/SVZ,seqFISH_plus_cortex_svz_zeisel_sccortex_ref_shared10000,SpaIM,raw_identity,NA,NA,Effect Spearman,higher,0.14958678337810932,0.12647971298877225,50,NA,NA,NA,NA,NA,NA,(mean_in-mean_out)/sqrt((var_in+var_out)/2),0,NA,NA,NA,NA,NA,NA,NA,NA,NA,NA,NA,repository/results/protocol_a_full_rerun_20260711/figures/figure6/protocol_a_figure6_panel_b_records.csv,NA
protocol_a_figure6_source_v2,B,fold_cell_type_metric_summary,seqFISH+ cortex/SVZ,seqFISH_plus_cortex_svz_zeisel_sccortex_ref_shared10000,SpaIM,raw_identity,NA,NA,Effect MAE,lower,0.69634702566613016,0.37872951165286473,50,NA,NA,NA,NA,NA,NA,(mean_in-mean_out)/sqrt((var_in+var_out)/2),0,NA,NA,NA,NA,NA,NA,NA,NA,NA,NA,NA,repository/results/protocol_a_full_rerun_20260711/figures/figure6/protocol_a_figure6_panel_b_records.csv,NA
protocol_a_figure6_source_v2,B,fold_cell_type_metric_summary,seqFISH+ cortex/SVZ,seqFISH_plus_cortex_svz_zeisel_sccortex_ref_shared10000,SpaIM,raw_identity,NA,NA,Top-20 positive-effect overlap,higher,2.1200000000000001,2.730328529234352,50,NA,NA,NA,NA,NA,NA,(mean_in-mean_out)/sqrt((var_in+var_out)/2),0,NA,NA,NA,NA,NA,NA,NA,NA,NA,NA,NA,repository/results/protocol_a_full_rerun_20260711/figures/figure6/protocol_a_figure6_panel_b_records.csv,NA
protocol_a_figure6_source_v2,B,fold_cell_type_metric_summary,seqFISH+ cortex/SVZ,seqFISH_plus_cortex_svz_zeisel_sccortex_ref_shared10000,SpaIM,raw_identity,NA,NA,Top-50 positive-effect overlap,higher,6.1600000000000001,7.3688810658922499,50,NA,NA,NA,NA,NA,NA,(mean_in-mean_out)/sqrt((var_in+var_out)/2),0,NA,NA,NA,NA,NA,NA,NA,NA,NA,NA,NA,repository/results/protocol_a_full_rerun_20260711/figures/figure6/protocol_a_figure6_panel_b_records.csv,NA
protocol_a_figure6_source_v2,B,fold_cell_type_metric_summary,seqFISH+ cortex/SVZ,seqFISH_plus_cortex_svz_zeisel_sccortex_ref_shared10000,SpaGE,raw_identity,NA,NA,Effect Spearman,higher,0.22723068337887603,0.12270249317851009,50,NA,NA,NA,NA,NA,NA,(mean_in-mean_out)/sqrt((var_in+var_out)/2),0,NA,NA,NA,NA,NA,NA,NA,NA,NA,NA,NA,repository/results/protocol_a_full_rerun_20260711/figures/figure6/protocol_a_figure6_panel_b_records.csv,NA
protocol_a_figure6_source_v2,B,fold_cell_type_metric_summary,seqFISH+ cortex/SVZ,seqFISH_plus_cortex_svz_zeisel_sccortex_ref_shared10000,SpaGE,raw_identity,NA,NA,Effect MAE,lower,0.65248846584095022,0.16847622029251946,50,NA,NA,NA,NA,NA,NA,(mean_in-mean_out)/sqrt((var_in+var_out)/2),0,NA,NA,NA,NA,NA,NA,NA,NA,NA,NA,NA,repository/results/protocol_a_full_rerun_20260711/figures/figure6/protocol_a_figure6_panel_b_records.csv,NA
protocol_a_figure6_source_v2,B,fold_cell_type_metric_summary,seqFISH+ cortex/SVZ,seqFISH_plus_cortex_svz_zeisel_sccortex_ref_shared10000,SpaGE,raw_identity,NA,NA,Top-20 positive-effect overlap,higher,3.3799999999999999,3.0094409271287499,50,NA,NA,NA,NA,NA,NA,(mean_in-mean_out)/sqrt((var_in+var_out)/2),0,NA,NA,NA,NA,NA,NA,NA,NA,NA,NA,NA,repository/results/protocol_a_full_rerun_20260711/figures/figure6/protocol_a_figure6_panel_b_records.csv,NA
protocol_a_figure6_source_v2,B,fold_cell_type_metric_summary,seqFISH+ cortex/SVZ,seqFISH_plus_cortex_svz_zeisel_sccortex_ref_shared10000,SpaGE,raw_identity,NA,NA,Top-50 positive-effect overlap,higher,11.1,8.2690719564173687,50,NA,NA,NA,NA,NA,NA,(mean_in-mean_out)/sqrt((var_in+var_out)/2),0,NA,NA,NA,NA,NA,NA,NA,NA,NA,NA,NA,repository/results/protocol_a_full_rerun_20260711/figures/figure6/protocol_a_figure6_panel_b_records.csv,NA
protocol_a_figure6_source_v2,B,fold_cell_type_metric_summary,seqFISH+ cortex/SVZ,seqFISH_plus_cortex_svz_zeisel_sccortex_ref_shared10000,stPlus,raw_identity,NA,NA,Effect Spearman,higher,0.14797978945079035,0.11508474117439801,50,NA,NA,NA,NA,NA,NA,(mean_in-mean_out)/sqrt((var_in+var_out)/2),0,NA,NA,NA,NA,NA,NA,NA,NA,NA,NA,NA,repository/results/protocol_a_full_rerun_20260711/figures/figure6/protocol_a_figure6_panel_b_records.csv,NA
protocol_a_figure6_source_v2,B,fold_cell_type_metric_summary,seqFISH+ cortex/SVZ,seqFISH_plus_cortex_svz_zeisel_sccortex_ref_shared10000,stPlus,raw_identity,NA,NA,Effect MAE,lower,0.44749744658480617,0.23483631419649265,50,NA,NA,NA,NA,NA,NA,(mean_in-mean_out)/sqrt((var_in+var_out)/2),0,NA,NA,NA,NA,NA,NA,NA,NA,NA,NA,NA,repository/results/protocol_a_full_rerun_20260711/figures/figure6/protocol_a_figure6_panel_b_records.csv,NA
protocol_a_figure6_source_v2,B,fold_cell_type_metric_summary,seqFISH+ cortex/SVZ,seqFISH_plus_cortex_svz_zeisel_sccortex_ref_shared10000,stPlus,raw_identity,NA,NA,Top-20 positive-effect overlap,higher,0.40000000000000002,0.6998542122237652,50,NA,NA,NA,NA,NA,NA,(mean_in-mean_out)/sqrt((var_in+var_out)/2),0,NA,NA,NA,NA,NA,NA,NA,NA,NA,NA,NA,repository/results/protocol_a_full_rerun_20260711/figures/figure6/protocol_a_figure6_panel_b_records.csv,NA
protocol_a_figure6_source_v2,B,fold_cell_type_metric_summary,seqFISH+ cortex/SVZ,seqFISH_plus_cortex_svz_zeisel_sccortex_ref_shared10000,stPlus,raw_identity,NA,NA,Top-50 positive-effect overlap,higher,2.8799999999999999,2.9804807172874725,50,NA,NA,NA,NA,NA,NA,(mean_in-mean_out)/sqrt((var_in+var_out)/2),0,NA,NA,NA,NA,NA,NA,NA,NA,NA,NA,NA,repository/results/protocol_a_full_rerun_20260711/figures/figure6/protocol_a_figure6_panel_b_records.csv,NA
protocol_a_figure6_source_v2,B,fold_cell_type_metric_summary,seqFISH+ cortex/SVZ,seqFISH_plus_cortex_svz_zeisel_sccortex_ref_shared10000,stAI,raw_identity,NA,NA,Effect Spearman,higher,0.13864649968568812,0.11570923126785206,50,NA,NA,NA,NA,NA,NA,(mean_in-mean_out)/sqrt((var_in+var_out)/2),0,NA,NA,NA,NA,NA,NA,NA,NA,NA,NA,NA,repository/results/protocol_a_full_rerun_20260711/figures/figure6/protocol_a_figure6_panel_b_records.csv,NA
protocol_a_figure6_source_v2,B,fold_cell_type_metric_summary,seqFISH+ cortex/SVZ,seqFISH_plus_cortex_svz_zeisel_sccortex_ref_shared10000,stAI,raw_identity,NA,NA,Effect MAE,lower,0.51250127699695569,0.15885354589306083,50,NA,NA,NA,NA,NA,NA,(mean_in-mean_out)/sqrt((var_in+var_out)/2),0,NA,NA,NA,NA,NA,NA,NA,NA,NA,NA,NA,repository/results/protocol_a_full_rerun_20260711/figures/figure6/protocol_a_figure6_panel_b_records.csv,NA
protocol_a_figure6_source_v2,B,fold_cell_type_metric_summary,seqFISH+ cortex/SVZ,seqFISH_plus_cortex_svz_zeisel_sccortex_ref_shared10000,stAI,raw_identity,NA,NA,Top-20 positive-effect overlap,higher,2,2.5872528966106905,50,NA,NA,NA,NA,NA,NA,(mean_in-mean_out)/sqrt((var_in+var_out)/2),0,NA,NA,NA,NA,NA,NA,NA,NA,NA,NA,NA,repository/results/protocol_a_full_rerun_20260711/figures/figure6/protocol_a_figure6_panel_b_records.csv,NA
protocol_a_figure6_source_v2,B,fold_cell_type_metric_summary,seqFISH+ cortex/SVZ,seqFISH_plus_cortex_svz_zeisel_sccortex_ref_shared10000,stAI,raw_identity,NA,NA,Top-50 positive-effect overlap,higher,6.2400000000000002,6.1397334250447919,50,NA,NA,NA,NA,NA,NA,(mean_in-mean_out)/sqrt((var_in+var_out)/2),0,NA,NA,NA,NA,NA,NA,NA,NA,NA,NA,NA,repository/results/protocol_a_full_rerun_20260711/figures/figure6/protocol_a_figure6_panel_b_records.csv,NA
protocol_a_figure6_source_v2,C,all_effect_pairs_metric,seqFISH+ cortex/SVZ,seqFISH_plus_cortex_svz_zeisel_sccortex_ref_shared10000,GeneSPT,validation_selected_readout_genespt57,NA,NA,Effect Spearman,higher,0.72021066331544714,NA,NA,100000,100000,6000,20260712,-1.7475947539916667,2.1708719500938116,(mean_in-mean_out)/sqrt((var_in+var_out)/2),0,NA,NA,NA,NA,NA,NA,NA,NA,NA,NA,NA,repository/results/protocol_a_full_rerun_20260711/figures/figure6/protocol_a_figure6_panel_c_effects.csv,NA
protocol_a_figure6_source_v2,C,all_effect_pairs_metric,seqFISH+ cortex/SVZ,seqFISH_plus_cortex_svz_zeisel_sccortex_ref_shared10000,GeneSPT,validation_selected_readout_genespt57,NA,NA,Effect MAE,lower,0.71308375934902668,NA,NA,100000,100000,6000,20260712,-1.7475947539916667,2.1708719500938116,(mean_in-mean_out)/sqrt((var_in+var_out)/2),0,NA,NA,NA,NA,NA,NA,NA,NA,NA,NA,NA,repository/results/protocol_a_full_rerun_20260711/figures/figure6/protocol_a_figure6_panel_c_effects.csv,NA
protocol_a_figure6_source_v2,C,all_effect_pairs_metric,seqFISH+ cortex/SVZ,seqFISH_plus_cortex_svz_zeisel_sccortex_ref_shared10000,Tangram,raw_identity,NA,NA,Effect Spearman,higher,0.71330702372682231,NA,NA,100000,98340,6000,20260712,-1.7475947539916667,2.1708719500938116,(mean_in-mean_out)/sqrt((var_in+var_out)/2),0,NA,NA,NA,NA,NA,NA,NA,NA,NA,NA,NA,repository/results/protocol_a_full_rerun_20260711/figures/figure6/protocol_a_figure6_panel_c_effects.csv,NA
protocol_a_figure6_source_v2,C,all_effect_pairs_metric,seqFISH+ cortex/SVZ,seqFISH_plus_cortex_svz_zeisel_sccortex_ref_shared10000,Tangram,raw_identity,NA,NA,Effect MAE,lower,0.70855110198162907,NA,NA,100000,98340,6000,20260712,-1.7475947539916667,2.1708719500938116,(mean_in-mean_out)/sqrt((var_in+var_out)/2),0,NA,NA,NA,NA,NA,NA,NA,NA,NA,NA,NA,repository/results/protocol_a_full_rerun_20260711/figures/figure6/protocol_a_figure6_panel_c_effects.csv,NA
protocol_a_figure6_source_v2,C,all_effect_pairs_metric,seqFISH+ cortex/SVZ,seqFISH_plus_cortex_svz_zeisel_sccortex_ref_shared10000,TransImp,raw_identity,NA,NA,Effect Spearman,higher,0.69752925091644336,NA,NA,100000,98340,6000,20260712,-1.7475947539916667,2.1708719500938116,(mean_in-mean_out)/sqrt((var_in+var_out)/2),0,NA,NA,NA,NA,NA,NA,NA,NA,NA,NA,NA,repository/results/protocol_a_full_rerun_20260711/figures/figure6/protocol_a_figure6_panel_c_effects.csv,NA
protocol_a_figure6_source_v2,C,all_effect_pairs_metric,seqFISH+ cortex/SVZ,seqFISH_plus_cortex_svz_zeisel_sccortex_ref_shared10000,TransImp,raw_identity,NA,NA,Effect MAE,lower,0.62372144904036708,NA,NA,100000,98340,6000,20260712,-1.7475947539916667,2.1708719500938116,(mean_in-mean_out)/sqrt((var_in+var_out)/2),0,NA,NA,NA,NA,NA,NA,NA,NA,NA,NA,NA,repository/results/protocol_a_full_rerun_20260711/figures/figure6/protocol_a_figure6_panel_c_effects.csv,NA
protocol_a_figure6_source_v2,C,all_effect_pairs_metric,seqFISH+ cortex/SVZ,seqFISH_plus_cortex_svz_zeisel_sccortex_ref_shared10000,SpaIM,raw_identity,NA,NA,Effect Spearman,higher,0.70820079299302585,NA,NA,100000,100000,6000,20260712,-1.7475947539916667,2.1708719500938116,(mean_in-mean_out)/sqrt((var_in+var_out)/2),0,NA,NA,NA,NA,NA,NA,NA,NA,NA,NA,NA,repository/results/protocol_a_full_rerun_20260711/figures/figure6/protocol_a_figure6_panel_c_effects.csv,NA
protocol_a_figure6_source_v2,C,all_effect_pairs_metric,seqFISH+ cortex/SVZ,seqFISH_plus_cortex_svz_zeisel_sccortex_ref_shared10000,SpaIM,raw_identity,NA,NA,Effect MAE,lower,0.69634702566613005,NA,NA,100000,100000,6000,20260712,-1.7475947539916667,2.1708719500938116,(mean_in-mean_out)/sqrt((var_in+var_out)/2),0,NA,NA,NA,NA,NA,NA,NA,NA,NA,NA,NA,repository/results/protocol_a_full_rerun_20260711/figures/figure6/protocol_a_figure6_panel_c_effects.csv,NA
protocol_a_figure6_source_v2,C,all_effect_pairs_metric,seqFISH+ cortex/SVZ,seqFISH_plus_cortex_svz_zeisel_sccortex_ref_shared10000,SpaGE,raw_identity,NA,NA,Effect Spearman,higher,0.51051859166172209,NA,NA,100000,98130,6000,20260712,-1.7475947539916667,2.1708719500938116,(mean_in-mean_out)/sqrt((var_in+var_out)/2),0,NA,NA,NA,NA,NA,NA,NA,NA,NA,NA,NA,repository/results/protocol_a_full_rerun_20260711/figures/figure6/protocol_a_figure6_panel_c_effects.csv,NA
protocol_a_figure6_source_v2,C,all_effect_pairs_metric,seqFISH+ cortex/SVZ,seqFISH_plus_cortex_svz_zeisel_sccortex_ref_shared10000,SpaGE,raw_identity,NA,NA,Effect MAE,lower,0.65248599286426134,NA,NA,100000,98130,6000,20260712,-1.7475947539916667,2.1708719500938116,(mean_in-mean_out)/sqrt((var_in+var_out)/2),0,NA,NA,NA,NA,NA,NA,NA,NA,NA,NA,NA,repository/results/protocol_a_full_rerun_20260711/figures/figure6/protocol_a_figure6_panel_c_effects.csv,NA
protocol_a_figure6_source_v2,C,all_effect_pairs_metric,seqFISH+ cortex/SVZ,seqFISH_plus_cortex_svz_zeisel_sccortex_ref_shared10000,stPlus,raw_identity,NA,NA,Effect Spearman,higher,0.32145517021750181,NA,NA,100000,92420,6000,20260712,-1.7475947539916667,2.1708719500938116,(mean_in-mean_out)/sqrt((var_in+var_out)/2),0,NA,NA,NA,NA,NA,NA,NA,NA,NA,NA,NA,repository/results/protocol_a_full_rerun_20260711/figures/figure6/protocol_a_figure6_panel_c_effects.csv,NA
protocol_a_figure6_source_v2,C,all_effect_pairs_metric,seqFISH+ cortex/SVZ,seqFISH_plus_cortex_svz_zeisel_sccortex_ref_shared10000,stPlus,raw_identity,NA,NA,Effect MAE,lower,0.44844925629205035,NA,NA,100000,92420,6000,20260712,-1.7475947539916667,2.1708719500938116,(mean_in-mean_out)/sqrt((var_in+var_out)/2),0,NA,NA,NA,NA,NA,NA,NA,NA,NA,NA,NA,repository/results/protocol_a_full_rerun_20260711/figures/figure6/protocol_a_figure6_panel_c_effects.csv,NA
protocol_a_figure6_source_v2,C,all_effect_pairs_metric,seqFISH+ cortex/SVZ,seqFISH_plus_cortex_svz_zeisel_sccortex_ref_shared10000,stAI,raw_identity,NA,NA,Effect Spearman,higher,0.52339903750378658,NA,NA,100000,96220,6000,20260712,-1.7475947539916667,2.1708719500938116,(mean_in-mean_out)/sqrt((var_in+var_out)/2),0,NA,NA,NA,NA,NA,NA,NA,NA,NA,NA,NA,repository/results/protocol_a_full_rerun_20260711/figures/figure6/protocol_a_figure6_panel_c_effects.csv,NA
protocol_a_figure6_source_v2,C,all_effect_pairs_metric,seqFISH+ cortex/SVZ,seqFISH_plus_cortex_svz_zeisel_sccortex_ref_shared10000,stAI,raw_identity,NA,NA,Effect MAE,lower,0.51247850206092715,NA,NA,100000,96220,6000,20260712,-1.7475947539916667,2.1708719500938116,(mean_in-mean_out)/sqrt((var_in+var_out)/2),0,NA,NA,NA,NA,NA,NA,NA,NA,NA,NA,NA,repository/results/protocol_a_full_rerun_20260711/figures/figure6/protocol_a_figure6_panel_c_effects.csv,NA
protocol_a_figure6_source_v2,D,audited_five_fold_metric,MHPR/MERFISH,MHPR_current_panel,GeneSPT,validation_selected_readout_genespt57,NA,NA,ARI,higher,0.41708246719004549,0.029970537131344802,NA,NA,NA,NA,NA,NA,NA,NA,NA,5,protocol_a_figure6d_mhpr_all154_pca30_k15_weighted_louvain_v1,all154; standardized PCA30; k15 Euclidean; seed0 weighted Louvain,NA,NA,NA,NA,NA,NA,NA,NA,NA,repository/results/protocol_a_full_rerun_20260711/downstream/figure6d_protocol_a_all154/protocol_a_figure6d_mhpr_all154_summary.csv
protocol_a_figure6_source_v2,D,audited_five_fold_metric,MHPR/MERFISH,MHPR_current_panel,GeneSPT,validation_selected_readout_genespt57,NA,NA,AMI,higher,0.57787693999301981,0.019552403221039499,NA,NA,NA,NA,NA,NA,NA,NA,NA,5,protocol_a_figure6d_mhpr_all154_pca30_k15_weighted_louvain_v1,all154; standardized PCA30; k15 Euclidean; seed0 weighted Louvain,NA,NA,NA,NA,NA,NA,NA,NA,NA,repository/results/protocol_a_full_rerun_20260711/downstream/figure6d_protocol_a_all154/protocol_a_figure6d_mhpr_all154_summary.csv
protocol_a_figure6_source_v2,D,audited_five_fold_metric,MHPR/MERFISH,MHPR_current_panel,GeneSPT,validation_selected_readout_genespt57,NA,NA,NMI,higher,0.58076015855066687,0.0195529475366624,NA,NA,NA,NA,NA,NA,NA,NA,NA,5,protocol_a_figure6d_mhpr_all154_pca30_k15_weighted_louvain_v1,all154; standardized PCA30; k15 Euclidean; seed0 weighted Louvain,NA,NA,NA,NA,NA,NA,NA,NA,NA,repository/results/protocol_a_full_rerun_20260711/downstream/figure6d_protocol_a_all154/protocol_a_figure6d_mhpr_all154_summary.csv
protocol_a_figure6_source_v2,D,audited_five_fold_metric,MHPR/MERFISH,MHPR_current_panel,GeneSPT,validation_selected_readout_genespt57,NA,NA,homogeneity,higher,0.59017714485118433,0.022364157498274001,NA,NA,NA,NA,NA,NA,NA,NA,NA,5,protocol_a_figure6d_mhpr_all154_pca30_k15_weighted_louvain_v1,all154; standardized PCA30; k15 Euclidean; seed0 weighted Louvain,NA,NA,NA,NA,NA,NA,NA,NA,NA,repository/results/protocol_a_full_rerun_20260711/downstream/figure6d_protocol_a_all154/protocol_a_figure6d_mhpr_all154_summary.csv
protocol_a_figure6_source_v2,D,audited_five_fold_metric,MHPR/MERFISH,MHPR_current_panel,Tangram,raw_identity,NA,NA,ARI,higher,0.358445554050563,0.0476059390994523,NA,NA,NA,NA,NA,NA,NA,NA,NA,5,protocol_a_figure6d_mhpr_all154_pca30_k15_weighted_louvain_v1,all154; standardized PCA30; k15 Euclidean; seed0 weighted Louvain,NA,NA,NA,NA,NA,NA,NA,NA,NA,repository/results/protocol_a_full_rerun_20260711/downstream/figure6d_protocol_a_all154/protocol_a_figure6d_mhpr_all154_summary.csv
protocol_a_figure6_source_v2,D,audited_five_fold_metric,MHPR/MERFISH,MHPR_current_panel,Tangram,raw_identity,NA,NA,AMI,higher,0.54744220394838583,0.0363716781012852,NA,NA,NA,NA,NA,NA,NA,NA,NA,5,protocol_a_figure6d_mhpr_all154_pca30_k15_weighted_louvain_v1,all154; standardized PCA30; k15 Euclidean; seed0 weighted Louvain,NA,NA,NA,NA,NA,NA,NA,NA,NA,repository/results/protocol_a_full_rerun_20260711/downstream/figure6d_protocol_a_all154/protocol_a_figure6d_mhpr_all154_summary.csv
protocol_a_figure6_source_v2,D,audited_five_fold_metric,MHPR/MERFISH,MHPR_current_panel,Tangram,raw_identity,NA,NA,NMI,higher,0.55104957862198745,0.035826678515415003,NA,NA,NA,NA,NA,NA,NA,NA,NA,5,protocol_a_figure6d_mhpr_all154_pca30_k15_weighted_louvain_v1,all154; standardized PCA30; k15 Euclidean; seed0 weighted Louvain,NA,NA,NA,NA,NA,NA,NA,NA,NA,repository/results/protocol_a_full_rerun_20260711/downstream/figure6d_protocol_a_all154/protocol_a_figure6d_mhpr_all154_summary.csv
protocol_a_figure6_source_v2,D,audited_five_fold_metric,MHPR/MERFISH,MHPR_current_panel,Tangram,raw_identity,NA,NA,homogeneity,higher,0.58595791426046395,0.029015871226264599,NA,NA,NA,NA,NA,NA,NA,NA,NA,5,protocol_a_figure6d_mhpr_all154_pca30_k15_weighted_louvain_v1,all154; standardized PCA30; k15 Euclidean; seed0 weighted Louvain,NA,NA,NA,NA,NA,NA,NA,NA,NA,repository/results/protocol_a_full_rerun_20260711/downstream/figure6d_protocol_a_all154/protocol_a_figure6d_mhpr_all154_summary.csv
protocol_a_figure6_source_v2,D,audited_five_fold_metric,MHPR/MERFISH,MHPR_current_panel,TransImp,raw_identity,NA,NA,ARI,higher,0.42888576469937761,0.044151040185219599,NA,NA,NA,NA,NA,NA,NA,NA,NA,5,protocol_a_figure6d_mhpr_all154_pca30_k15_weighted_louvain_v1,all154; standardized PCA30; k15 Euclidean; seed0 weighted Louvain,NA,NA,NA,NA,NA,NA,NA,NA,NA,repository/results/protocol_a_full_rerun_20260711/downstream/figure6d_protocol_a_all154/protocol_a_figure6d_mhpr_all154_summary.csv
protocol_a_figure6_source_v2,D,audited_five_fold_metric,MHPR/MERFISH,MHPR_current_panel,TransImp,raw_identity,NA,NA,AMI,higher,0.5856690065191833,0.024522609660453401,NA,NA,NA,NA,NA,NA,NA,NA,NA,5,protocol_a_figure6d_mhpr_all154_pca30_k15_weighted_louvain_v1,all154; standardized PCA30; k15 Euclidean; seed0 weighted Louvain,NA,NA,NA,NA,NA,NA,NA,NA,NA,repository/results/protocol_a_full_rerun_20260711/downstream/figure6d_protocol_a_all154/protocol_a_figure6d_mhpr_all154_summary.csv
protocol_a_figure6_source_v2,D,audited_five_fold_metric,MHPR/MERFISH,MHPR_current_panel,TransImp,raw_identity,NA,NA,NMI,higher,0.58906879294257986,0.0243097058305679,NA,NA,NA,NA,NA,NA,NA,NA,NA,5,protocol_a_figure6d_mhpr_all154_pca30_k15_weighted_louvain_v1,all154; standardized PCA30; k15 Euclidean; seed0 weighted Louvain,NA,NA,NA,NA,NA,NA,NA,NA,NA,repository/results/protocol_a_full_rerun_20260711/downstream/figure6d_protocol_a_all154/protocol_a_figure6d_mhpr_all154_summary.csv
protocol_a_figure6_source_v2,D,audited_five_fold_metric,MHPR/MERFISH,MHPR_current_panel,TransImp,raw_identity,NA,NA,homogeneity,higher,0.61702545622273053,0.017174800020312901,NA,NA,NA,NA,NA,NA,NA,NA,NA,5,protocol_a_figure6d_mhpr_all154_pca30_k15_weighted_louvain_v1,all154; standardized PCA30; k15 Euclidean; seed0 weighted Louvain,NA,NA,NA,NA,NA,NA,NA,NA,NA,repository/results/protocol_a_full_rerun_20260711/downstream/figure6d_protocol_a_all154/protocol_a_figure6d_mhpr_all154_summary.csv
protocol_a_figure6_source_v2,D,audited_five_fold_metric,MHPR/MERFISH,MHPR_current_panel,SpaIM,raw_identity,NA,NA,ARI,higher,0.34205713704641483,0.025236228903085699,NA,NA,NA,NA,NA,NA,NA,NA,NA,5,protocol_a_figure6d_mhpr_all154_pca30_k15_weighted_louvain_v1,all154; standardized PCA30; k15 Euclidean; seed0 weighted Louvain,NA,NA,NA,NA,NA,NA,NA,NA,NA,repository/results/protocol_a_full_rerun_20260711/downstream/figure6d_protocol_a_all154/protocol_a_figure6d_mhpr_all154_summary.csv
protocol_a_figure6_source_v2,D,audited_five_fold_metric,MHPR/MERFISH,MHPR_current_panel,SpaIM,raw_identity,NA,NA,AMI,higher,0.54549483365961027,0.027342995783895398,NA,NA,NA,NA,NA,NA,NA,NA,NA,5,protocol_a_figure6d_mhpr_all154_pca30_k15_weighted_louvain_v1,all154; standardized PCA30; k15 Euclidean; seed0 weighted Louvain,NA,NA,NA,NA,NA,NA,NA,NA,NA,repository/results/protocol_a_full_rerun_20260711/downstream/figure6d_protocol_a_all154/protocol_a_figure6d_mhpr_all154_summary.csv
protocol_a_figure6_source_v2,D,audited_five_fold_metric,MHPR/MERFISH,MHPR_current_panel,SpaIM,raw_identity,NA,NA,NMI,higher,0.549011132508193,0.0270241739570058,NA,NA,NA,NA,NA,NA,NA,NA,NA,5,protocol_a_figure6d_mhpr_all154_pca30_k15_weighted_louvain_v1,all154; standardized PCA30; k15 Euclidean; seed0 weighted Louvain,NA,NA,NA,NA,NA,NA,NA,NA,NA,repository/results/protocol_a_full_rerun_20260711/downstream/figure6d_protocol_a_all154/protocol_a_figure6d_mhpr_all154_summary.csv
protocol_a_figure6_source_v2,D,audited_five_fold_metric,MHPR/MERFISH,MHPR_current_panel,SpaIM,raw_identity,NA,NA,homogeneity,higher,0.58127186344876569,0.027710361460725901,NA,NA,NA,NA,NA,NA,NA,NA,NA,5,protocol_a_figure6d_mhpr_all154_pca30_k15_weighted_louvain_v1,all154; standardized PCA30; k15 Euclidean; seed0 weighted Louvain,NA,NA,NA,NA,NA,NA,NA,NA,NA,repository/results/protocol_a_full_rerun_20260711/downstream/figure6d_protocol_a_all154/protocol_a_figure6d_mhpr_all154_summary.csv
protocol_a_figure6_source_v2,D,audited_five_fold_metric,MHPR/MERFISH,MHPR_current_panel,SpaGE,raw_identity,NA,NA,ARI,higher,0.41040079610100461,0.074006692754055595,NA,NA,NA,NA,NA,NA,NA,NA,NA,5,protocol_a_figure6d_mhpr_all154_pca30_k15_weighted_louvain_v1,all154; standardized PCA30; k15 Euclidean; seed0 weighted Louvain,NA,NA,NA,NA,NA,NA,NA,NA,NA,repository/results/protocol_a_full_rerun_20260711/downstream/figure6d_protocol_a_all154/protocol_a_figure6d_mhpr_all154_summary.csv
protocol_a_figure6_source_v2,D,audited_five_fold_metric,MHPR/MERFISH,MHPR_current_panel,SpaGE,raw_identity,NA,NA,AMI,higher,0.56113818840955243,0.031122715204643301,NA,NA,NA,NA,NA,NA,NA,NA,NA,5,protocol_a_figure6d_mhpr_all154_pca30_k15_weighted_louvain_v1,all154; standardized PCA30; k15 Euclidean; seed0 weighted Louvain,NA,NA,NA,NA,NA,NA,NA,NA,NA,repository/results/protocol_a_full_rerun_20260711/downstream/figure6d_protocol_a_all154/protocol_a_figure6d_mhpr_all154_summary.csv
protocol_a_figure6_source_v2,D,audited_five_fold_metric,MHPR/MERFISH,MHPR_current_panel,SpaGE,raw_identity,NA,NA,NMI,higher,0.56472219684387892,0.030663216652377499,NA,NA,NA,NA,NA,NA,NA,NA,NA,5,protocol_a_figure6d_mhpr_all154_pca30_k15_weighted_louvain_v1,all154; standardized PCA30; k15 Euclidean; seed0 weighted Louvain,NA,NA,NA,NA,NA,NA,NA,NA,NA,repository/results/protocol_a_full_rerun_20260711/downstream/figure6d_protocol_a_all154/protocol_a_figure6d_mhpr_all154_summary.csv
protocol_a_figure6_source_v2,D,audited_five_fold_metric,MHPR/MERFISH,MHPR_current_panel,SpaGE,raw_identity,NA,NA,homogeneity,higher,0.60067257938699037,0.021604079014862401,NA,NA,NA,NA,NA,NA,NA,NA,NA,5,protocol_a_figure6d_mhpr_all154_pca30_k15_weighted_louvain_v1,all154; standardized PCA30; k15 Euclidean; seed0 weighted Louvain,NA,NA,NA,NA,NA,NA,NA,NA,NA,repository/results/protocol_a_full_rerun_20260711/downstream/figure6d_protocol_a_all154/protocol_a_figure6d_mhpr_all154_summary.csv
protocol_a_figure6_source_v2,D,audited_five_fold_metric,MHPR/MERFISH,MHPR_current_panel,stPlus,raw_identity,NA,NA,ARI,higher,0.43003348353306581,0.044073788909411098,NA,NA,NA,NA,NA,NA,NA,NA,NA,5,protocol_a_figure6d_mhpr_all154_pca30_k15_weighted_louvain_v1,all154; standardized PCA30; k15 Euclidean; seed0 weighted Louvain,NA,NA,NA,NA,NA,NA,NA,NA,NA,repository/results/protocol_a_full_rerun_20260711/downstream/figure6d_protocol_a_all154/protocol_a_figure6d_mhpr_all154_summary.csv
protocol_a_figure6_source_v2,D,audited_five_fold_metric,MHPR/MERFISH,MHPR_current_panel,stPlus,raw_identity,NA,NA,AMI,higher,0.59196430825260227,0.0249860791831856,NA,NA,NA,NA,NA,NA,NA,NA,NA,5,protocol_a_figure6d_mhpr_all154_pca30_k15_weighted_louvain_v1,all154; standardized PCA30; k15 Euclidean; seed0 weighted Louvain,NA,NA,NA,NA,NA,NA,NA,NA,NA,repository/results/protocol_a_full_rerun_20260711/downstream/figure6d_protocol_a_all154/protocol_a_figure6d_mhpr_all154_summary.csv
protocol_a_figure6_source_v2,D,audited_five_fold_metric,MHPR/MERFISH,MHPR_current_panel,stPlus,raw_identity,NA,NA,NMI,higher,0.59510018852076296,0.024722041235306799,NA,NA,NA,NA,NA,NA,NA,NA,NA,5,protocol_a_figure6d_mhpr_all154_pca30_k15_weighted_louvain_v1,all154; standardized PCA30; k15 Euclidean; seed0 weighted Louvain,NA,NA,NA,NA,NA,NA,NA,NA,NA,repository/results/protocol_a_full_rerun_20260711/downstream/figure6d_protocol_a_all154/protocol_a_figure6d_mhpr_all154_summary.csv
protocol_a_figure6_source_v2,D,audited_five_fold_metric,MHPR/MERFISH,MHPR_current_panel,stPlus,raw_identity,NA,NA,homogeneity,higher,0.62358780138301007,0.031767399104477699,NA,NA,NA,NA,NA,NA,NA,NA,NA,5,protocol_a_figure6d_mhpr_all154_pca30_k15_weighted_louvain_v1,all154; standardized PCA30; k15 Euclidean; seed0 weighted Louvain,NA,NA,NA,NA,NA,NA,NA,NA,NA,repository/results/protocol_a_full_rerun_20260711/downstream/figure6d_protocol_a_all154/protocol_a_figure6d_mhpr_all154_summary.csv
protocol_a_figure6_source_v2,D,audited_five_fold_metric,MHPR/MERFISH,MHPR_current_panel,stAI,raw_identity,NA,NA,ARI,higher,0.41724086345781553,0.049937490352634201,NA,NA,NA,NA,NA,NA,NA,NA,NA,5,protocol_a_figure6d_mhpr_all154_pca30_k15_weighted_louvain_v1,all154; standardized PCA30; k15 Euclidean; seed0 weighted Louvain,NA,NA,NA,NA,NA,NA,NA,NA,NA,repository/results/protocol_a_full_rerun_20260711/downstream/figure6d_protocol_a_all154/protocol_a_figure6d_mhpr_all154_summary.csv
protocol_a_figure6_source_v2,D,audited_five_fold_metric,MHPR/MERFISH,MHPR_current_panel,stAI,raw_identity,NA,NA,AMI,higher,0.61380786383104446,0.027060934638380999,NA,NA,NA,NA,NA,NA,NA,NA,NA,5,protocol_a_figure6d_mhpr_all154_pca30_k15_weighted_louvain_v1,all154; standardized PCA30; k15 Euclidean; seed0 weighted Louvain,NA,NA,NA,NA,NA,NA,NA,NA,NA,repository/results/protocol_a_full_rerun_20260711/downstream/figure6d_protocol_a_all154/protocol_a_figure6d_mhpr_all154_summary.csv
protocol_a_figure6_source_v2,D,audited_five_fold_metric,MHPR/MERFISH,MHPR_current_panel,stAI,raw_identity,NA,NA,NMI,higher,0.61747855283613506,0.02683714368637,NA,NA,NA,NA,NA,NA,NA,NA,NA,5,protocol_a_figure6d_mhpr_all154_pca30_k15_weighted_louvain_v1,all154; standardized PCA30; k15 Euclidean; seed0 weighted Louvain,NA,NA,NA,NA,NA,NA,NA,NA,NA,repository/results/protocol_a_full_rerun_20260711/downstream/figure6d_protocol_a_all154/protocol_a_figure6d_mhpr_all154_summary.csv
protocol_a_figure6_source_v2,D,audited_five_fold_metric,MHPR/MERFISH,MHPR_current_panel,stAI,raw_identity,NA,NA,homogeneity,higher,0.66913193644327529,0.029033760530693401,NA,NA,NA,NA,NA,NA,NA,NA,NA,5,protocol_a_figure6d_mhpr_all154_pca30_k15_weighted_louvain_v1,all154; standardized PCA30; k15 Euclidean; seed0 weighted Louvain,NA,NA,NA,NA,NA,NA,NA,NA,NA,repository/results/protocol_a_full_rerun_20260711/downstream/figure6d_protocol_a_all154/protocol_a_figure6d_mhpr_all154_summary.csv
