n_cells,n_input_features,n_selected_features,n_pcs,n_clusters,n_predicted_test_genes_participating,cluster_membership_sha256,ARI,AMI,NMI,homogeneity,dataset,dataset_id,fold,method,prediction_result_layer,matrix_mode,n_measured_train_genes,n_measured_validation_genes,n_predicted_test_genes_loaded
4975,154,154,30,12,31,ba87951da4f453b89cb8b66012994c359193495c100a2fcb64f7251b8f14fefe,0.45117321745121186,0.5882147218871644,0.5913889027518694,0.6034904064444344,MHPR/MERFISH,MHPR_current_panel,0,GeneSPT,validation_selected_readout_genespt57,protocol_a_completed_outer_fold_matrix,98,25,31
4975,154,154,30,13,31,79ee1d27aebb4eb4c54d010c43c2e4630973584df12e482e113f580057c57271,0.3513373306050147,0.5519897324121334,0.5556512213202682,0.5959495217681632,MHPR/MERFISH,MHPR_current_panel,0,Tangram,raw_identity,protocol_a_completed_outer_fold_matrix,98,25,31
4975,154,154,30,13,31,d6b9ceb4886664b904e47bd2206817aafe7aa3f0d45dfb27287bce6bd079734d,0.4306407078391218,0.5894567587772434,0.5927768308358374,0.6351494406526706,MHPR/MERFISH,MHPR_current_panel,0,TransImp,raw_identity,protocol_a_completed_outer_fold_matrix,98,25,31
4975,154,154,30,13,31,ca3d197cb69323353fc1df30040d02d23972a704f62355f07a793b52bb750e89,0.32539213594898714,0.5323373008557759,0.5362132778540939,0.5653538499862629,MHPR/MERFISH,MHPR_current_panel,0,SpaIM,raw_identity,protocol_a_completed_outer_fold_matrix,98,25,31
4975,154,154,30,12,31,01fbe01f0b5acbfaaadee34eb60d3d06d7d02a8985f78408294f213d8f4ea1e2,0.4174888442921605,0.5634269325400507,0.5667046862747956,0.598860203428827,MHPR/MERFISH,MHPR_current_panel,0,SpaGE,raw_identity,protocol_a_completed_outer_fold_matrix,98,25,31
4975,154,154,30,12,31,81f59bb8d00edb0228b4b0d83117ecb267c8253854d379b0ed3e17d75ea1010f,0.49290538856317273,0.614033683919096,0.6169796529634188,0.6369451639994305,MHPR/MERFISH,MHPR_current_panel,0,stPlus,raw_identity,protocol_a_completed_outer_fold_matrix,98,25,31
4975,154,154,30,15,31,99d1f4ceacfbb05ea837200c8380eff0ab1831faaf94cb01124fd3fd8fdc23cf,0.33537810980150123,0.5663133775420985,0.5703502254079458,0.6185717767751076,MHPR/MERFISH,MHPR_current_panel,0,stAI,raw_identity,protocol_a_completed_outer_fold_matrix,98,25,31
4975,154,154,30,10,31,e2035c96e2da2e0d24b773f2a0444bf812f319124a6f99161425fd419f71f03d,0.4235244674191204,0.5506997116430062,0.5535627221746784,0.5619392812225862,MHPR/MERFISH,MHPR_current_panel,1,GeneSPT,validation_selected_readout_genespt57,protocol_a_completed_outer_fold_matrix,98,25,31
4975,154,154,30,14,31,f1b1a9c80466e9f6ca9125eeb37c829d36ba1b50a92872a67f6c2c914c1be68c,0.3142056559350497,0.4851320483928423,0.4895583460231167,0.5349566340590863,MHPR/MERFISH,MHPR_current_panel,1,Tangram,raw_identity,protocol_a_completed_outer_fold_matrix,98,25,31
4975,154,154,30,13,31,cd28d10032b234e8a658387954d8acb87df18ae450acfa631a9b89afdc1802d6,0.35440609543285156,0.5460889452830832,0.549777909162778,0.5934730245099409,MHPR/MERFISH,MHPR_current_panel,1,TransImp,raw_identity,protocol_a_completed_outer_fold_matrix,98,25,31
4975,154,154,30,13,31,7ca35305077eab40af6a0b82ee8da163e331dbde1d1f5cd83feaee647eb94704,0.3065655533497751,0.505268880774179,0.5092702310223373,0.5527833356486198,MHPR/MERFISH,MHPR_current_panel,1,SpaIM,raw_identity,protocol_a_completed_outer_fold_matrix,98,25,31
4975,154,154,30,14,31,1bb2c7327871a963262f3020ebcd2e44751f157b4d878907c5766bb1d27322dc,0.3526319650811697,0.5151236050363666,0.5192908419366646,0.5674065621380568,MHPR/MERFISH,MHPR_current_panel,1,SpaGE,raw_identity,protocol_a_completed_outer_fold_matrix,98,25,31
4975,154,154,30,13,31,7e873af0147edfe315fca10e5c22ce43fb151a9f4d25edea3ec95f69ba565ebd,0.43333756236714066,0.5561974616461157,0.5597370391716806,0.5905676565100962,MHPR/MERFISH,MHPR_current_panel,1,stPlus,raw_identity,protocol_a_completed_outer_fold_matrix,98,25,31
4975,154,154,30,16,31,73d96af82f2bbade792247ad12b2cee6e19b4886313e8334a233da148dccff53,0.4172631004087541,0.6174609948726097,0.6211957980739213,0.6802422412168388,MHPR/MERFISH,MHPR_current_panel,1,stAI,raw_identity,protocol_a_completed_outer_fold_matrix,98,25,31
4975,154,154,30,10,31,a2a6a535283141a5ac20a1fb717af97fc5530d4d206df703cac70b615d0c9d15,0.36936436253291616,0.564055508154812,0.5668409270915439,0.5866448366090524,MHPR/MERFISH,MHPR_current_panel,2,GeneSPT,validation_selected_readout_genespt57,protocol_a_completed_outer_fold_matrix,98,25,31
4975,154,154,30,10,31,8455970a09fe1d02516f91d5577dc29f3fc14e335db75d238ac87e071a758676,0.43959875486420696,0.5802382613624539,0.5829730177786967,0.5914888385883239,MHPR/MERFISH,MHPR_current_panel,2,Tangram,raw_identity,protocol_a_completed_outer_fold_matrix,98,25,31
4975,154,154,30,11,31,603e2150d0dd9cf2c308536bcd1843c6da7a57ed351a830801a7fff37c7fca47,0.47092253342240165,0.5971498652842512,0.6000154917538032,0.6181816103746315,MHPR/MERFISH,MHPR_current_panel,2,TransImp,raw_identity,protocol_a_completed_outer_fold_matrix,98,25,31
4975,154,154,30,11,31,4f638a0838a063755131290f6a2c43557726e8324ea813d3c79a85b05f651fbf,0.3518953424935869,0.5585766507484812,0.5616279511599215,0.5970387116571704,MHPR/MERFISH,MHPR_current_panel,2,SpaIM,raw_identity,protocol_a_completed_outer_fold_matrix,98,25,31
4975,154,154,30,12,31,0c698d11cea0ef2db8a80b8df91c7970dbeee2dd1d8c7d95b144809d4c71ee20,0.49900426725167146,0.590939125822925,0.5940605892897822,0.6188885984246785,MHPR/MERFISH,MHPR_current_panel,2,SpaGE,raw_identity,protocol_a_completed_outer_fold_matrix,98,25,31
4975,154,154,30,10,31,c9f31edc6ca873f9c75a0f08d19e046ebfea1809876db852aba62afcd67b06eb,0.44133503379627725,0.6075004171171946,0.609997761093397,0.6339891794724462,MHPR/MERFISH,MHPR_current_panel,2,stPlus,raw_identity,protocol_a_completed_outer_fold_matrix,98,25,31
4975,154,154,30,15,31,9861e985a9d9891f91e89ad8fe3ea9401636e3504d52da6d621ef90da99dabae,0.469726335774744,0.6317436866679108,0.6351527867782366,0.6884066961435354,MHPR/MERFISH,MHPR_current_panel,2,stAI,raw_identity,protocol_a_completed_outer_fold_matrix,98,25,31
4975,154,154,30,12,31,9da2f6be054399e9f5548e3c6e2a36ac626bb931489a60aeeea4aa4a10216dce,0.41410165227440326,0.58984302893144,0.5929959205239287,0.6199384555616649,MHPR/MERFISH,MHPR_current_panel,3,GeneSPT,validation_selected_readout_genespt57,protocol_a_completed_outer_fold_matrix,98,25,31
4975,154,154,30,13,31,ecfd1b0a0a2dd78293e5f7551c6bda5834ae83bc0ae90248f5f9f0569ec1644b,0.3472573748950828,0.5591791013254889,0.5627922275420323,0.6018590266847683,MHPR/MERFISH,MHPR_current_panel,3,Tangram,raw_identity,protocol_a_completed_outer_fold_matrix,98,25,31
4975,154,154,30,13,31,40c95d4e2fbb562332d16ec225aa8062e1a0cdd832705dffe519b74faa6ab4f7,0.44635002036338284,0.6119167825747263,0.6152256527499462,0.631124801253233,MHPR/MERFISH,MHPR_current_panel,3,TransImp,raw_identity,protocol_a_completed_outer_fold_matrix,98,25,31
4975,154,154,30,13,31,03d0c87fe3e1ac3f0137f9cc3e280ae322dc835369632104514c11caa96494e9,0.3662064203996901,0.5760395010927978,0.5795085835467108,0.6215509823922777,MHPR/MERFISH,MHPR_current_panel,3,SpaIM,raw_identity,protocol_a_completed_outer_fold_matrix,98,25,31
4975,154,154,30,15,31,0bda4e83cdd891a82eff259c47267ee465a0de7688056035fbe6662fd1949aa4,0.32090278140516043,0.5485191932854108,0.5526371727423415,0.6209999660582355,MHPR/MERFISH,MHPR_current_panel,3,SpaGE,raw_identity,protocol_a_completed_outer_fold_matrix,98,25,31
4975,154,154,30,14,31,284d112c063cf5b4fafc264bcd6ba1fd0bfbc2bb7c1c0d8cd987a0babe5bf5d0,0.40969434840435875,0.6066627833078897,0.610085866958247,0.6643906336929005,MHPR/MERFISH,MHPR_current_panel,3,stPlus,raw_identity,protocol_a_completed_outer_fold_matrix,98,25,31
4975,154,154,30,16,31,c37d0c73e8af9880bb676b3e99bfe99c5b44456f320c7c1ad66759bf2c10e4c2,0.4252882755343094,0.6255641572656864,0.6292377559911301,0.686869150367462,MHPR/MERFISH,MHPR_current_panel,3,stAI,raw_identity,protocol_a_completed_outer_fold_matrix,98,25,31
4975,154,154,30,9,30,886de50c00a80a1f4ff356f0cdc72007497b375d59e1f498f8cf52ee7afdb8cb,0.4272486362725757,0.5965717293486763,0.599012320211314,0.5788727444181839,MHPR/MERFISH,MHPR_current_panel,4,GeneSPT,validation_selected_readout_genespt57,protocol_a_completed_outer_fold_matrix,99,25,30
4975,154,154,30,13,30,b87f98e4f4e8dd90799dd1e706e5c2d2f13c448d88a0ae2b54b1e23c38e392d1,0.339828653953461,0.5606718762490106,0.5642730804458235,0.605535550201978,MHPR/MERFISH,MHPR_current_panel,4,Tangram,raw_identity,protocol_a_completed_outer_fold_matrix,99,25,30
4975,154,154,30,14,30,9e16fd24d187a51d1f8fa6191bc112512b566b79c31b28ed543f42553fc73d3a,0.44210946643913024,0.5837326806766127,0.5875480802105342,0.6071984043231767,MHPR/MERFISH,MHPR_current_panel,4,TransImp,raw_identity,protocol_a_completed_outer_fold_matrix,99,25,30
4975,154,154,30,11,30,4829a689f73917d8e20d88c9547bf56f0523ef940471c73668c7403cae53c965,0.3602262330400348,0.5552518348268176,0.5584356189579014,0.5696324375594973,MHPR/MERFISH,MHPR_current_panel,4,SpaIM,raw_identity,protocol_a_completed_outer_fold_matrix,99,25,30
4975,154,154,30,12,30,ac434ac8cd570487bee6d5e956790a264f6f84e7c0df10210c56988233cbfca2,0.4619761224748608,0.5876820853630093,0.5909176939758108,0.597207566885154,MHPR/MERFISH,MHPR_current_panel,4,SpaGE,raw_identity,protocol_a_completed_outer_fold_matrix,99,25,30
4975,154,154,30,12,30,423a310c87160ffc60139daf7ca2c17bf3740551bf7458793136896776c1b525,0.37289508453437964,0.575427195272715,0.5787006224170717,0.5920463732401771,MHPR/MERFISH,MHPR_current_panel,4,stPlus,raw_identity,protocol_a_completed_outer_fold_matrix,99,25,30
4975,154,154,30,15,30,99096d1bc06f5791b53cde1fa5f6146fbd3d1f1be112eb7a6976a6d74b2a3467,0.438548495769769,0.6279571028069167,0.6314561979294419,0.6715698177134329,MHPR/MERFISH,MHPR_current_panel,4,stAI,raw_identity,protocol_a_completed_outer_fold_matrix,99,25,30
