kind,method,fold,path,sha256
protocol,,,archive/GeneSPT/configs/protocol_a_figure6d_mhpr_all154_louvain.yaml,0c27155627c070d4407f0b10cef768de5846d1e39abf6a309580a003e796a579
gene_names,,,archive/zenodo_upload/GeneSPT_reviewer_archive_20260713/ground_truth/MHPR_current_panel/gene_names.txt,4e496c7895d2973f6f0538cab4282ad4fa9d6048d8b1875da9c336b6dcde9e25
labels,,,archive/zenodo_upload/GeneSPT_reviewer_archive_20260713/label_provenance/matched_labels/mhpr_current_panel_matched_original_merfish_labels.csv,b69fb5691d42537c0a218f6ee8396061bc189d226be3e636f65708043d32a52c
truth,,0,archive/GeneSPT/results/protocol_a_full_rerun_20260711/inputs/MHPR_current_panel/fold0/full_truth.npy,38cb732058e19ec34b293a958d5c74d98c5846b26ed72c630500d83d4481e03b
train_index,,0,archive/zenodo_upload/GeneSPT_reviewer_archive_20260713/frozen_splits/cross_platform/MHPR_current_panel/gene_index_masks/fold0_train_gene_idx.npy,036cf336ecd09358235b422277280bb5af2ef8c6b8150a3d2cbd256c3c8e3cd7
val_index,,0,archive/zenodo_upload/GeneSPT_reviewer_archive_20260713/frozen_splits/cross_platform/MHPR_current_panel/gene_index_masks/fold0_val_gene_idx.npy,d1f5df6226611de08ef70f86e141417a7813b9cfa1aea08cd70599a1a6873af8
test_index,,0,archive/zenodo_upload/GeneSPT_reviewer_archive_20260713/frozen_splits/cross_platform/MHPR_current_panel/gene_index_masks/fold0_test_gene_idx.npy,ed629707929131f4452d80ef755d61748a77eca26575ffab67975613a82acee2
prediction,GeneSPT,0,archive/GeneSPT/results/protocol_a_full_rerun_20260711/evaluation/validation_selected_readout_genespt57/test_predictions/MHPR_current_panel/fold0/GeneSPT.npz,0eb3cef090f8847dc4b07f067434e90a93179b21d0e952360790a8cc711b92e9
prediction_audit,GeneSPT,0,archive/GeneSPT/results/protocol_a_full_rerun_20260711/evaluation/validation_selected_readout_genespt57/test_predictions/MHPR_current_panel/fold0/apply_manifest.json,80351de1463cd6bd19e3fede061a4fad013fc2a3c9b3edf362a5fba8d213d990
prediction,Tangram,0,archive/GeneSPT/results/protocol_a_full_rerun_20260711/baselines/Tangram/MHPR_current_panel/fold0/imputed_expression.npy,cafd7944f4fcf8baf7123d215927c6654cb43515f2e4d5a3449ae11392940271
prediction_audit,Tangram,0,archive/GeneSPT/results/protocol_a_full_rerun_20260711/baselines/Tangram/MHPR_current_panel/fold0/adapter_run_audit.json,635c8348683e75598aa614f3365ff381e68961e9710caa210d1653e527c1a766
prediction,TransImp,0,archive/GeneSPT/results/protocol_a_full_rerun_20260711/baselines/TransImp/MHPR_current_panel/fold0/imputed_expression.npy,4ed1c64fc2a3ef0c8d18a5c4f70bae4b406a0aaf9b618f91c7c85e0ead075f5a
prediction_audit,TransImp,0,archive/GeneSPT/results/protocol_a_full_rerun_20260711/baselines/TransImp/MHPR_current_panel/fold0/adapter_run_audit.json,d308704c39b5c619d6fd9a5018a585b4e3e7b16a01f145a3e5c4baf83c3832e9
prediction,SpaIM,0,archive/GeneSPT/results/protocol_a_full_rerun_20260711/baselines/SpaIM/MHPR_current_panel/fold0/imputed_expression.npy,91cd76cd5be8c8f6410ffede20b9db485c9cce0e34ecab49cca02609b1280985
prediction_audit,SpaIM,0,archive/GeneSPT/results/protocol_a_full_rerun_20260711/baselines/SpaIM/MHPR_current_panel/fold0/adapter_run_audit.json,64009e85bf0ec9cb7bd9d5c85f24a084ae6d20fa476bb3075df791ed21fc432f
prediction,SpaGE,0,archive/GeneSPT/results/protocol_a_full_rerun_20260711/baselines/SpaGE/MHPR_current_panel/fold0/imputed_expression.npy,7b289e1a0c19ff63f8e13d848f2c79e62038fb1cf095e93d9ceb68a0c3cf7a9f
prediction_audit,SpaGE,0,archive/GeneSPT/results/protocol_a_full_rerun_20260711/baselines/SpaGE/MHPR_current_panel/fold0/adapter_run_audit.json,abcb7c7f167dd2043d05f77c361d68bd5e4de3d7de8df623ff6d8400a0fcca70
prediction,stPlus,0,archive/GeneSPT/results/protocol_a_full_rerun_20260711/baselines/stPlus/MHPR_current_panel/fold0/imputed_expression.npy,dad7c102b7bb3a29590e3e0f20ba91eef8e195eaac3204ff6062b69b096e2315
prediction_audit,stPlus,0,archive/GeneSPT/results/protocol_a_full_rerun_20260711/baselines/stPlus/MHPR_current_panel/fold0/adapter_run_audit.json,f348b0ea8e259e3cc000450e7078649ab606a82a356ae865e338e28c74def286
prediction,stAI,0,archive/GeneSPT/results/protocol_a_full_rerun_20260711/baselines/stAI/MHPR_current_panel/fold0/imputed_expression.npy,277a9a707b111317f312f7dd7c865ff9327c710cec6f91aae504a417e36885f3
prediction_audit,stAI,0,archive/GeneSPT/results/protocol_a_full_rerun_20260711/baselines/stAI/MHPR_current_panel/fold0/adapter_run_audit.json,d5283ac08b9357e78df86deb99b454a7d9c5648a95c011cc0ffcc502e8371f16
test_gene_axis,stAI,0,archive/GeneSPT/results/protocol_a_full_rerun_20260711/baselines/stAI/MHPR_current_panel/fold0/test_gene_axis.npz,faac4a1ac2e9f3b724f08713fdb8260470182a98244c5268b539a1e455f78719
truth,,1,archive/GeneSPT/results/protocol_a_full_rerun_20260711/inputs/MHPR_current_panel/fold1/full_truth.npy,456c6e215b7980710c21f41b27d8dcf3664ea21cbd286211b2f956f585e6cdeb
train_index,,1,archive/zenodo_upload/GeneSPT_reviewer_archive_20260713/frozen_splits/cross_platform/MHPR_current_panel/gene_index_masks/fold1_train_gene_idx.npy,66647b4201235c7b617440f8db9d692294860c6329ebcbee5be7f3814d2afcad
val_index,,1,archive/zenodo_upload/GeneSPT_reviewer_archive_20260713/frozen_splits/cross_platform/MHPR_current_panel/gene_index_masks/fold1_val_gene_idx.npy,8d4cd1eab34edcd141c4f91b151cc22825e8305d3dfd2ed1f2ffd6cd7df6cfde
test_index,,1,archive/zenodo_upload/GeneSPT_reviewer_archive_20260713/frozen_splits/cross_platform/MHPR_current_panel/gene_index_masks/fold1_test_gene_idx.npy,9e4ad9b4be9a7f00c6282edfe62bd299d16fdded750f44204f0fadbfddc53e79
prediction,GeneSPT,1,archive/GeneSPT/results/protocol_a_full_rerun_20260711/evaluation/validation_selected_readout_genespt57/test_predictions/MHPR_current_panel/fold1/GeneSPT.npz,42d8aec9d9f4c022dea0069ae604af7560b245f342670a31f3d18f7660af3cc2
prediction_audit,GeneSPT,1,archive/GeneSPT/results/protocol_a_full_rerun_20260711/evaluation/validation_selected_readout_genespt57/test_predictions/MHPR_current_panel/fold1/apply_manifest.json,056d9bb2b799823741296374b9a0b4e022f40bd4ad23007a961e7c8f8b1cede0
prediction,Tangram,1,archive/GeneSPT/results/protocol_a_full_rerun_20260711/baselines/Tangram/MHPR_current_panel/fold1/imputed_expression.npy,a5c0ceef85fd1aa779e5bc59b53dacaf523491e74c327c39e96f6a79f3f33cff
prediction_audit,Tangram,1,archive/GeneSPT/results/protocol_a_full_rerun_20260711/baselines/Tangram/MHPR_current_panel/fold1/adapter_run_audit.json,5bbe5a5da2550c73964cbb1ad33e81c4b12f16d543046aeec046b082ed3f54cb
prediction,TransImp,1,archive/GeneSPT/results/protocol_a_full_rerun_20260711/baselines/TransImp/MHPR_current_panel/fold1/imputed_expression.npy,8c2397d18473464d221ccd1436017f5089a4411aa20cad678761860bebbd0024
prediction_audit,TransImp,1,archive/GeneSPT/results/protocol_a_full_rerun_20260711/baselines/TransImp/MHPR_current_panel/fold1/adapter_run_audit.json,542ce053eaa59e04fe80167d4fc2a93a2920db8d1134cced8450f4d22e8e3e36
prediction,SpaIM,1,archive/GeneSPT/results/protocol_a_full_rerun_20260711/baselines/SpaIM/MHPR_current_panel/fold1/imputed_expression.npy,1c3bcd02974681fe65e5636ae002c8ff251eca249a9ad8aa73624d1351bae838
prediction_audit,SpaIM,1,archive/GeneSPT/results/protocol_a_full_rerun_20260711/baselines/SpaIM/MHPR_current_panel/fold1/adapter_run_audit.json,6a2d47c870806d958c7ab844a0239e9a70e79575289619bddb479885b0fdeb1f
prediction,SpaGE,1,archive/GeneSPT/results/protocol_a_full_rerun_20260711/baselines/SpaGE/MHPR_current_panel/fold1/imputed_expression.npy,614fa84adddd113eefb1d8a53ddb42a5826084cf10603afe4bc2c8b121cdc930
prediction_audit,SpaGE,1,archive/GeneSPT/results/protocol_a_full_rerun_20260711/baselines/SpaGE/MHPR_current_panel/fold1/adapter_run_audit.json,5785fc61157bc354693106be6a8f5ed5d3c089f2caa30af857a5e9ce062182ea
prediction,stPlus,1,archive/GeneSPT/results/protocol_a_full_rerun_20260711/baselines/stPlus/MHPR_current_panel/fold1/imputed_expression.npy,b91981d8bcdddf23d53e4a1b305193b9d34a4e7db65568f961c4e74c0ee43983
prediction_audit,stPlus,1,archive/GeneSPT/results/protocol_a_full_rerun_20260711/baselines/stPlus/MHPR_current_panel/fold1/adapter_run_audit.json,1b17366265aa2e44b8913c3952eb0ba57419e0cf8125f253da6757142b88a851
prediction,stAI,1,archive/GeneSPT/results/protocol_a_full_rerun_20260711/baselines/stAI/MHPR_current_panel/fold1/imputed_expression.npy,9ea8db4ede2fecf0fc845a85e7b23675896d21f6cb62e1ed80dcab5eacda73fd
prediction_audit,stAI,1,archive/GeneSPT/results/protocol_a_full_rerun_20260711/baselines/stAI/MHPR_current_panel/fold1/adapter_run_audit.json,cd086f10ee7f5d68ba7082d6dffcef744a46cf79ac81bc29733e76e34c3f584d
test_gene_axis,stAI,1,archive/GeneSPT/results/protocol_a_full_rerun_20260711/baselines/stAI/MHPR_current_panel/fold1/test_gene_axis.npz,4a0d23938481fa33300546a92d6d881a752ab29ea26e4144f7f52e4235df05dd
truth,,2,archive/GeneSPT/results/protocol_a_full_rerun_20260711/inputs/MHPR_current_panel/fold2/full_truth.npy,9dd20aaee7081ff63957eb289434284a8028c1d42ad46bbc788cb022faad3ba5
train_index,,2,archive/zenodo_upload/GeneSPT_reviewer_archive_20260713/frozen_splits/cross_platform/MHPR_current_panel/gene_index_masks/fold2_train_gene_idx.npy,dbe544ae48f8e2cb64e05d3c7c309d66b0b7537f0fa55c7bb2b02ad4b50501c6
val_index,,2,archive/zenodo_upload/GeneSPT_reviewer_archive_20260713/frozen_splits/cross_platform/MHPR_current_panel/gene_index_masks/fold2_val_gene_idx.npy,2d273bf06f4078fdea1e259f1c801b2ef4318606b47cc65b5870ff21fa72a804
test_index,,2,archive/zenodo_upload/GeneSPT_reviewer_archive_20260713/frozen_splits/cross_platform/MHPR_current_panel/gene_index_masks/fold2_test_gene_idx.npy,a0b1a4dbe6006bc6b05e566f3eaba86d949fa267e8d1b826c85c679aef3547ea
prediction,GeneSPT,2,archive/GeneSPT/results/protocol_a_full_rerun_20260711/evaluation/validation_selected_readout_genespt57/test_predictions/MHPR_current_panel/fold2/GeneSPT.npz,b5705c9c1d1f70d724325db72b0833c10279a7ab227c1603c597042afa5d5ed8
prediction_audit,GeneSPT,2,archive/GeneSPT/results/protocol_a_full_rerun_20260711/evaluation/validation_selected_readout_genespt57/test_predictions/MHPR_current_panel/fold2/apply_manifest.json,62bf4380d7e6c925f182ab86587f9b038403d1e1bb1acc49bda841cbee016796
prediction,Tangram,2,archive/GeneSPT/results/protocol_a_full_rerun_20260711/baselines/Tangram/MHPR_current_panel/fold2/imputed_expression.npy,8abba840bf214295d19467bdc10de4824f90e8a558d3a4637f2c12bdb49c82df
prediction_audit,Tangram,2,archive/GeneSPT/results/protocol_a_full_rerun_20260711/baselines/Tangram/MHPR_current_panel/fold2/adapter_run_audit.json,60e40aaccfda8eb80fea5e4538d13b7ff52833649f8301b3cdb9a4e74069bf17
prediction,TransImp,2,archive/GeneSPT/results/protocol_a_full_rerun_20260711/baselines/TransImp/MHPR_current_panel/fold2/imputed_expression.npy,2a6cec76890d02669c37290e508223d036384ab15a1cd25e79bfc588adbebe44
prediction_audit,TransImp,2,archive/GeneSPT/results/protocol_a_full_rerun_20260711/baselines/TransImp/MHPR_current_panel/fold2/adapter_run_audit.json,a1b38233c69776871ba65baa1651d3f1e053e6bd458e3d2d940ea1fedbd8f85e
prediction,SpaIM,2,archive/GeneSPT/results/protocol_a_full_rerun_20260711/baselines/SpaIM/MHPR_current_panel/fold2/imputed_expression.npy,99b970c5af6f128432c47dfa22b3fbf0e09123b755aa87a0169f5f519891c6fd
prediction_audit,SpaIM,2,archive/GeneSPT/results/protocol_a_full_rerun_20260711/baselines/SpaIM/MHPR_current_panel/fold2/adapter_run_audit.json,8aa6d2c5355d9f378af75f1f8c0ddb12c40c4900cd3a72aadd290586463489ab
prediction,SpaGE,2,archive/GeneSPT/results/protocol_a_full_rerun_20260711/baselines/SpaGE/MHPR_current_panel/fold2/imputed_expression.npy,dba695f2482aa520f20e4c9c6fc721cae91440843d9913f8657ca02eadeaceb0
prediction_audit,SpaGE,2,archive/GeneSPT/results/protocol_a_full_rerun_20260711/baselines/SpaGE/MHPR_current_panel/fold2/adapter_run_audit.json,446322e4634017f03fecd0603320a5437f833ba9cdfc1dbb70efc32cde9d1004
prediction,stPlus,2,archive/GeneSPT/results/protocol_a_full_rerun_20260711/baselines/stPlus/MHPR_current_panel/fold2/imputed_expression.npy,bb782e60142b3924b65b1506a8dd4dd93bbdda6e1dae4d2b204e5bd42915ecac
prediction_audit,stPlus,2,archive/GeneSPT/results/protocol_a_full_rerun_20260711/baselines/stPlus/MHPR_current_panel/fold2/adapter_run_audit.json,f120c4b7fa941a2b92677c478ef44d91414c9e4770066975eb1c9dbdc74f5831
prediction,stAI,2,archive/GeneSPT/results/protocol_a_full_rerun_20260711/baselines/stAI/MHPR_current_panel/fold2/imputed_expression.npy,c4293c41769fabfb65b8dab5d38828d116cf52d50436130bc2203fc08068b97c
prediction_audit,stAI,2,archive/GeneSPT/results/protocol_a_full_rerun_20260711/baselines/stAI/MHPR_current_panel/fold2/adapter_run_audit.json,3b6db8a2fa27d726df49d39581980b30fa4f23596aacdf9bf32166186aef5df5
test_gene_axis,stAI,2,archive/GeneSPT/results/protocol_a_full_rerun_20260711/baselines/stAI/MHPR_current_panel/fold2/test_gene_axis.npz,a1cf526ee1297ba50e88f908e79146f5e86c8ea5cc1747adfe0436e6500325fc
truth,,3,archive/GeneSPT/results/protocol_a_full_rerun_20260711/inputs/MHPR_current_panel/fold3/full_truth.npy,5a3df11e9859826cb0ce9080bad669e9c73e413740768596e751005c43161eea
train_index,,3,archive/zenodo_upload/GeneSPT_reviewer_archive_20260713/frozen_splits/cross_platform/MHPR_current_panel/gene_index_masks/fold3_train_gene_idx.npy,819813850a652c4b813fe01a87a7759eeb7d8d3a8085f391bdd6cc38d13aff7b
val_index,,3,archive/zenodo_upload/GeneSPT_reviewer_archive_20260713/frozen_splits/cross_platform/MHPR_current_panel/gene_index_masks/fold3_val_gene_idx.npy,34c1c41e981eab9baf313ba78926c91ca3f464ba230c9f5d418be25662ba257c
test_index,,3,archive/zenodo_upload/GeneSPT_reviewer_archive_20260713/frozen_splits/cross_platform/MHPR_current_panel/gene_index_masks/fold3_test_gene_idx.npy,775f645deb4c9cffbc40b89fbb373d3472fedd26d806b37ed0317e971c1ed562
prediction,GeneSPT,3,archive/GeneSPT/results/protocol_a_full_rerun_20260711/evaluation/validation_selected_readout_genespt57/test_predictions/MHPR_current_panel/fold3/GeneSPT.npz,8f34a867e5f43038d013b28fae78e8a99d534a423e5afa4429232885844388ec
prediction_audit,GeneSPT,3,archive/GeneSPT/results/protocol_a_full_rerun_20260711/evaluation/validation_selected_readout_genespt57/test_predictions/MHPR_current_panel/fold3/apply_manifest.json,30eeceb491471f2f3e919af60ad4e067ed783c7b50f91072604130d6f75c2421
prediction,Tangram,3,archive/GeneSPT/results/protocol_a_full_rerun_20260711/baselines/Tangram/MHPR_current_panel/fold3/imputed_expression.npy,184380446c16148d2c77352643027a5b1ab336c8d8b46407627e0a4ce47f96b4
prediction_audit,Tangram,3,archive/GeneSPT/results/protocol_a_full_rerun_20260711/baselines/Tangram/MHPR_current_panel/fold3/adapter_run_audit.json,e4ae3d54992ca300609e9acbbaa55bee92cf015d11261c0402bfcee098e3c3d9
prediction,TransImp,3,archive/GeneSPT/results/protocol_a_full_rerun_20260711/baselines/TransImp/MHPR_current_panel/fold3/imputed_expression.npy,b3ac82f31e81a4d6d5063fc173342532150f1a3414804fe10d24aee9bc2d1b62
prediction_audit,TransImp,3,archive/GeneSPT/results/protocol_a_full_rerun_20260711/baselines/TransImp/MHPR_current_panel/fold3/adapter_run_audit.json,e670fa98d594af48fc06f748e87e3f0565d4f10459c8a6265437be7746d8c60d
prediction,SpaIM,3,archive/GeneSPT/results/protocol_a_full_rerun_20260711/baselines/SpaIM/MHPR_current_panel/fold3/imputed_expression.npy,a5011b015dd57bd19239f7323abbc267bb13acee4c4aac52c68b1e8bfe5d53e0
prediction_audit,SpaIM,3,archive/GeneSPT/results/protocol_a_full_rerun_20260711/baselines/SpaIM/MHPR_current_panel/fold3/adapter_run_audit.json,ef503bfa862711f622b21b0473358339f970cda9f63e5b3d42f8751a2a2dc2fb
prediction,SpaGE,3,archive/GeneSPT/results/protocol_a_full_rerun_20260711/baselines/SpaGE/MHPR_current_panel/fold3/imputed_expression.npy,f6d551d6f42ec2eb4462820fd6287bdc139b4e9a9d19fb7a74453b86ee7fb64c
prediction_audit,SpaGE,3,archive/GeneSPT/results/protocol_a_full_rerun_20260711/baselines/SpaGE/MHPR_current_panel/fold3/adapter_run_audit.json,05ff72c0d1c0a5b3f3f882a206c918cd5f8a7d7aa1381e57561ea91e8b37eec8
prediction,stPlus,3,archive/GeneSPT/results/protocol_a_full_rerun_20260711/baselines/stPlus/MHPR_current_panel/fold3/imputed_expression.npy,a5e50c8ae421453c924722cbc3713786016c76c0f44f1b5babc7d17631d10583
prediction_audit,stPlus,3,archive/GeneSPT/results/protocol_a_full_rerun_20260711/baselines/stPlus/MHPR_current_panel/fold3/adapter_run_audit.json,13ad58da6d902cad35c8f8c466ea02b34518e7f46b2844d65b39bfacda58a205
prediction,stAI,3,archive/GeneSPT/results/protocol_a_full_rerun_20260711/baselines/stAI/MHPR_current_panel/fold3/imputed_expression.npy,d9bac21e5231dac85fadea24409378dcf1d9735151323030b9d425bcdb7c612a
prediction_audit,stAI,3,archive/GeneSPT/results/protocol_a_full_rerun_20260711/baselines/stAI/MHPR_current_panel/fold3/adapter_run_audit.json,461ec9410bc298c469008e47154702d6c9cdd27c823a68f42703aaf9753c5dbd
test_gene_axis,stAI,3,archive/GeneSPT/results/protocol_a_full_rerun_20260711/baselines/stAI/MHPR_current_panel/fold3/test_gene_axis.npz,b3df779883919b16eac841638fa0b20aa507d9ea88dbd731a01e3b99a1551ba3
truth,,4,archive/GeneSPT/results/protocol_a_full_rerun_20260711/inputs/MHPR_current_panel/fold4/full_truth.npy,4d6200a08e45334f89e882e48fcb35ec72c598f8f7c6ada5376b634b30b54f05
train_index,,4,archive/zenodo_upload/GeneSPT_reviewer_archive_20260713/frozen_splits/cross_platform/MHPR_current_panel/gene_index_masks/fold4_train_gene_idx.npy,630ab6844acb9b1628fa1acd63862d762f3a5c4858ef1bc878326eaa49195720
val_index,,4,archive/zenodo_upload/GeneSPT_reviewer_archive_20260713/frozen_splits/cross_platform/MHPR_current_panel/gene_index_masks/fold4_val_gene_idx.npy,36e94f14a52ba7072ec3577607a028380bad125ec0cd9abfc43b5a4f0d5b72ca
test_index,,4,archive/zenodo_upload/GeneSPT_reviewer_archive_20260713/frozen_splits/cross_platform/MHPR_current_panel/gene_index_masks/fold4_test_gene_idx.npy,9ceb30ff0c22706badf408211040c79a2c82c4452de521c612e447bf74c97224
prediction,GeneSPT,4,archive/GeneSPT/results/protocol_a_full_rerun_20260711/evaluation/validation_selected_readout_genespt57/test_predictions/MHPR_current_panel/fold4/GeneSPT.npz,f2f88592169280162b09a44b96f817bba7508d2898a64691ebe15d6fd122a293
prediction_audit,GeneSPT,4,archive/GeneSPT/results/protocol_a_full_rerun_20260711/evaluation/validation_selected_readout_genespt57/test_predictions/MHPR_current_panel/fold4/apply_manifest.json,4acddf2a3b752cb86e37015a2829455ae128beddb46d7c8449cb82f25f3e443a
prediction,Tangram,4,archive/GeneSPT/results/protocol_a_full_rerun_20260711/baselines/Tangram/MHPR_current_panel/fold4/imputed_expression.npy,d2aa5d39388907530519938b1d6fb6adb688ad1286a2cfd88668a89e564d0d35
prediction_audit,Tangram,4,archive/GeneSPT/results/protocol_a_full_rerun_20260711/baselines/Tangram/MHPR_current_panel/fold4/adapter_run_audit.json,edff9586f5217909047b7829ab496e1a722c05d71c9f749bb87d37fca572d654
prediction,TransImp,4,archive/GeneSPT/results/protocol_a_full_rerun_20260711/baselines/TransImp/MHPR_current_panel/fold4/imputed_expression.npy,06a9be1a625629c1048851d748edcaae108d4de35dc763d3541183b3e6abcdd0
prediction_audit,TransImp,4,archive/GeneSPT/results/protocol_a_full_rerun_20260711/baselines/TransImp/MHPR_current_panel/fold4/adapter_run_audit.json,4d65ab7cd988c53f967ad9dbec8a661610b48e76f8cd5a9090051fe83a40d79b
prediction,SpaIM,4,archive/GeneSPT/results/protocol_a_full_rerun_20260711/baselines/SpaIM/MHPR_current_panel/fold4/imputed_expression.npy,349baba2f2f84481c63c3672cdbc1663c3b64d97c79641020bf7da3c47131fb0
prediction_audit,SpaIM,4,archive/GeneSPT/results/protocol_a_full_rerun_20260711/baselines/SpaIM/MHPR_current_panel/fold4/adapter_run_audit.json,b0c46e9e41e97bcd8fc1b3655c781fd2a84ebcf61597f3057a227e5b587806d7
prediction,SpaGE,4,archive/GeneSPT/results/protocol_a_full_rerun_20260711/baselines/SpaGE/MHPR_current_panel/fold4/imputed_expression.npy,981c31b05e31fc878812aa5970385e862bef3aaeaa8bb4de9bffb3742a4968de
prediction_audit,SpaGE,4,archive/GeneSPT/results/protocol_a_full_rerun_20260711/baselines/SpaGE/MHPR_current_panel/fold4/adapter_run_audit.json,cec9c8080278b0b6a624c3d4be771959e6d9fc6f07c94f33fbae04c17ed4344f
prediction,stPlus,4,archive/GeneSPT/results/protocol_a_full_rerun_20260711/baselines/stPlus/MHPR_current_panel/fold4/imputed_expression.npy,36cba801af8f6360fc115ed310261fb630037bf41779f69240c5f38c1f2c9aa8
prediction_audit,stPlus,4,archive/GeneSPT/results/protocol_a_full_rerun_20260711/baselines/stPlus/MHPR_current_panel/fold4/adapter_run_audit.json,43509f05a1408c76985653f21e328c84b07df2930ab92f0487295549e514615d
prediction,stAI,4,archive/GeneSPT/results/protocol_a_full_rerun_20260711/baselines/stAI/MHPR_current_panel/fold4/imputed_expression.npy,6f77343c793dcb9b56c5c88acfad865a81de6b82993afc519bf7700381fd932b
prediction_audit,stAI,4,archive/GeneSPT/results/protocol_a_full_rerun_20260711/baselines/stAI/MHPR_current_panel/fold4/adapter_run_audit.json,524cac5fac9106c7ce13d45a10edc2ab5a7d646ea577caa7eed741f29523cf13
test_gene_axis,stAI,4,archive/GeneSPT/results/protocol_a_full_rerun_20260711/baselines/stAI/MHPR_current_panel/fold4/test_gene_axis.npz,09658afbe3c218598fbbf0b0d360e1f31abe901500caf0552c0c9596ba513ee0
