dataset,dataset_id,role,method,result_layer,folds,coverage,SPCC,SPCC_std_ddof0,RMSE,RMSE_std_ddof0,JSD,JSD_std_ddof0,SSIM,SSIM_std_ddof0
Cell2location,Cell2location_mouse_brain_ST8059048_shared12819,primary,GeneSPT,validation_selected_readout_genespt57,5,1.0,0.18704419631213268,0.0027548491405174494,1.306494526850496,0.0029785984083993315,0.3487750686767043,0.005654861717226737,0.05036791902098973,0.008836054963552406
Cell2location,Cell2location_mouse_brain_ST8059048_shared12819,primary,Tangram,raw_identity,5,1.0,0.17603387588818337,0.0029904928497675033,1.307094269392976,0.002867228973571752,0.34883134992300957,0.004785620620401955,0.04897983397342346,0.002449038210646165
Cell2location,Cell2location_mouse_brain_ST8059048_shared12819,primary,TransImp,raw_identity,5,1.0,0.1267251529976008,0.0030404705953794324,1.3422260848292538,0.0016500431108785857,0.35852302254901863,0.0046995655493820105,0.03792323900067118,0.0008929637427270204
Cell2location,Cell2location_mouse_brain_ST8059048_shared12819,primary,SpaIM,raw_identity,5,1.0,0.16036973420034076,0.0024933034606825335,1.3388586873698465,0.0019440134242185475,0.3567635058576446,0.005890681153340031,0.02685744040274719,0.000978148035039608
Cell2location,Cell2location_mouse_brain_ST8059048_shared12819,primary,SpaGE,raw_identity,5,1.0,0.11401952476183333,0.0016547640475174906,1.3437168758903597,0.0016454125133620412,0.35731745053880004,0.004638609590772209,0.05521820730570959,0.0020464836192238328
Cell2location,Cell2location_mouse_brain_ST8059048_shared12819,primary,stPlus,raw_identity,5,1.0,0.008329545154749774,0.011987867050513572,1.4049737635325603,0.007151076707371493,0.37940344609539745,0.007720561143113323,0.009076235324237236,0.0018376589719385388
Cell2location,Cell2location_mouse_brain_ST8059048_shared12819,primary,stAI,raw_identity,5,1.0,0.05287207919272445,0.005385482283364201,1.3815360414233808,0.0021210975725525156,0.3759823511690877,0.004773599677110987,0.04388365604823101,0.002386525820904669
HBC,HBC_shared16112,primary,GeneSPT,validation_selected_readout_genespt57,5,1.0,0.1079077050411124,0.0017734814597122604,1.3646063147210636,0.001168950412423584,0.5273808568909473,0.005809409353829316,0.018223154465267195,0.0008598855857213373
HBC,HBC_shared16112,primary,Tangram,raw_identity,5,1.0,0.0968215386335554,0.0019433815125883816,1.3671372006748366,0.0009962009905721636,0.5351236138333864,0.0056244611147451195,0.014264178426422278,0.0003885402281104831
HBC,HBC_shared16112,primary,TransImp,raw_identity,5,1.0,0.07969643826896286,0.0012699751521747593,1.376123101531675,0.0008712078910650049,0.5383506787737912,0.006102556990817694,0.021254685892598317,0.000569517834110037
HBC,HBC_shared16112,primary,SpaIM,raw_identity,5,1.0,0.09782564855343176,0.0014119050591986835,1.3703922199094403,0.0009060187681956695,0.535914705357881,0.006339979529124619,0.011697136393587446,0.0008512852137051316
HBC,HBC_shared16112,primary,SpaGE,raw_identity,5,1.0,0.05484443990925638,0.0008414248020895052,1.3897793704295454,0.0006832779035768143,0.5539506581564698,0.004287778809180109,0.02806570663773985,0.0008133774044034806
HBC,HBC_shared16112,primary,stPlus,raw_identity,5,1.0,0.02109123319614517,0.005116153986501505,1.395176199088192,0.004002647767728358,0.545361357195436,0.00633514439628625,0.00827968453813662,0.0010687775275090802
HBC,HBC_shared16112,primary,stAI,raw_identity,5,1.0,0.07592502559635253,0.002250338383112247,1.3786498323523602,0.0006776401000346086,0.5409124760661543,0.005367846569851611,0.03316910513402778,0.0005327122807465885
MHPR,MHPR_current_panel,cross_platform,GeneSPT,validation_selected_readout_genespt57,5,1.0,0.24755964085759924,0.02781282792591016,1.224335947624509,0.020515458608670933,0.29472337420915423,0.023055072474825734,0.17288406118818353,0.034070113491492575
MHPR,MHPR_current_panel,cross_platform,Tangram,raw_identity,5,1.0,0.266282359027185,0.029796475435658925,1.2175076924939485,0.032162443590719236,0.29900018790456967,0.016015915263957223,0.13781185385275724,0.02196985521881738
MHPR,MHPR_current_panel,cross_platform,TransImp,raw_identity,5,1.0,0.17727507862065472,0.02965910482652408,1.277627632805539,0.03708055011129386,0.31829416268907484,0.032471788706719185,0.13390099530818983,0.027042215998042383
MHPR,MHPR_current_panel,cross_platform,SpaIM,raw_identity,5,1.0,0.24252523929363612,0.035403381332704535,1.2293335811997608,0.024877467936972975,0.301732024816474,0.01518540318123459,0.11961499277273484,0.024846207431322397
MHPR,MHPR_current_panel,cross_platform,SpaGE,raw_identity,5,1.0,0.20164847526906385,0.03778180283390312,1.248865804946508,0.03251756848310995,0.3281232339063914,0.03010783741152829,0.1565409908900626,0.027478629600938446
MHPR,MHPR_current_panel,cross_platform,stPlus,raw_identity,5,1.0,0.1490864967993157,0.03850892496689528,1.2924940639190057,0.02726461152823046,0.33179878715573424,0.02852726530109037,0.12472654705359294,0.025330411842402607
MHPR,MHPR_current_panel,cross_platform,stAI,raw_identity,5,1.0,0.2022259574502733,0.0354936637351959,1.233393090118732,0.03206722821686674,0.31089822664634365,0.02901025554145366,0.14592994727192504,0.03411421172278106
MVC,MVC_shared981,cross_platform,GeneSPT,validation_selected_readout_genespt57,5,1.0,0.1908133080229574,0.00529564400170515,1.2772651648594322,0.004177738866096171,0.4177787273707974,0.005778408788015101,0.10715683822056485,0.019505627493849032
MVC,MVC_shared981,cross_platform,Tangram,raw_identity,5,1.0,0.17204423685855835,0.004147436540485344,1.2923038713503872,0.005226048043036186,0.42585786210026305,0.002099515296502665,0.08056347738519012,0.005095469786964079
MVC,MVC_shared981,cross_platform,TransImp,raw_identity,5,1.0,0.16581075792646308,0.004144687862118547,1.2950342065598583,0.00602246328112453,0.42553081045451213,0.0036101594940243955,0.0940042384283177,0.005648521755339363
MVC,MVC_shared981,cross_platform,SpaIM,raw_identity,5,1.0,0.18514609884987113,0.004690750551092863,1.2843434899510697,0.0033820534717868746,0.42619497857819305,0.0017759164171452753,0.07210640443543884,0.004933120413852797
MVC,MVC_shared981,cross_platform,SpaGE,raw_identity,5,1.0,0.11358906690846468,0.005479548420518977,1.3350483858416156,0.006142735303231247,0.4539929759927321,0.004749007302456095,0.0685001006010287,0.0037163688060977305
MVC,MVC_shared981,cross_platform,stPlus,raw_identity,5,1.0,0.10587978614055851,0.006051636217255825,1.3413146196663124,0.00266320929465397,0.4530728103550815,0.0021226657382991325,0.06265032002492199,0.006753535831784237
MVC,MVC_shared981,cross_platform,stAI,raw_identity,5,1.0,0.14028449884153799,0.003948685448536156,1.313895197551751,0.004045601698306627,0.4348365971026847,0.005729794005373487,0.07327120009902857,0.009310425268358012
Vis9A,Vis9A_D7_spaim_effective4470,primary,GeneSPT,validation_selected_readout_genespt57,5,1.0,0.19667232982730215,0.003796142845458705,1.2925292360611569,0.007477775108029113,0.45376081190474904,0.0052875135786753695,0.0624910672301728,0.010149872117581319
Vis9A,Vis9A_D7_spaim_effective4470,primary,Tangram,raw_identity,5,1.0,0.18367416928519592,0.005888737568414759,1.2967929333584638,0.007036034431871522,0.4670073758932709,0.005212829541749773,0.04546929861455675,0.0047111936262895625
Vis9A,Vis9A_D7_spaim_effective4470,primary,TransImp,raw_identity,5,1.0,0.13297257470051915,0.004357926307473355,1.3343857743077672,0.0043053062688819975,0.47338875322257373,0.0045843325338748905,0.06055087134761983,0.0050835942190646305
Vis9A,Vis9A_D7_spaim_effective4470,primary,SpaIM,raw_identity,5,1.0,0.1821944197227947,0.005303770308832009,1.3046664779874075,0.007232867637878599,0.47007196674964613,0.004696358904903844,0.038902584245709824,0.003380598428082149
Vis9A,Vis9A_D7_spaim_effective4470,primary,SpaGE,raw_identity,5,1.0,0.14040283673139725,0.0028141520077060293,1.3306257189179629,0.004409596115479528,0.4692790899545448,0.004030041160997898,0.05432564169025482,0.0037147410716344784
Vis9A,Vis9A_D7_spaim_effective4470,primary,stPlus,raw_identity,5,1.0,0.1149404972010587,0.008359675031354952,1.3375525754853261,0.007365235125073057,0.4737035218901651,0.0057601583479029465,0.0525165278560915,0.008751693893031412
Vis9A,Vis9A_D7_spaim_effective4470,primary,stAI,raw_identity,5,1.0,0.16122401577794485,0.005907459763892743,1.3159674958174437,0.005234545773089764,0.46072776108445285,0.004922604064403642,0.05896738733739616,0.004912117645535593
seqFISH+,seqFISH_plus_cortex_svz_zeisel_sccortex_ref_shared10000,cross_platform,GeneSPT,validation_selected_readout_genespt57,5,1.0,0.3353827052779493,0.002113291828242751,1.2332547040978965,0.001617952461845621,0.3515421545220846,0.000992716386596945,0.0933547436238204,0.0020454496362301735
seqFISH+,seqFISH_plus_cortex_svz_zeisel_sccortex_ref_shared10000,cross_platform,Tangram,raw_identity,5,1.0,0.3296166082018994,0.0016467913459887191,1.2366617051115942,0.0015698700848836829,0.36918486754451824,0.002691352206327839,0.07359939349814897,0.0016605500178025884
seqFISH+,seqFISH_plus_cortex_svz_zeisel_sccortex_ref_shared10000,cross_platform,TransImp,raw_identity,5,1.0,0.30428060006048535,0.003351363325114517,1.2511100834734221,0.0023777187122631586,0.3737944203808399,0.0026342894088683105,0.08701427170647455,0.0020214098370610087
seqFISH+,seqFISH_plus_cortex_svz_zeisel_sccortex_ref_shared10000,cross_platform,SpaIM,raw_identity,5,1.0,0.33320110801624414,0.0019776675235810134,1.2372892171009784,0.0018064189291481952,0.368735652826581,0.002001862040467681,0.072534828767459,0.001244712748780436
seqFISH+,seqFISH_plus_cortex_svz_zeisel_sccortex_ref_shared10000,cross_platform,SpaGE,raw_identity,5,1.0,0.22404642573800496,0.0033084684484577277,1.295960369905417,0.0029382965542378023,0.3977553891415491,0.0033348616320777328,0.07285613529192661,0.0022286243032616153
seqFISH+,seqFISH_plus_cortex_svz_zeisel_sccortex_ref_shared10000,cross_platform,stPlus,raw_identity,5,1.0,0.0944200427753728,0.05854206076890924,1.3527530888653778,0.026665901206511952,0.4159194479518783,0.0033317090358927753,0.015125261496463574,0.005734000471729229
seqFISH+,seqFISH_plus_cortex_svz_zeisel_sccortex_ref_shared10000,cross_platform,stAI,raw_identity,5,1.0,0.27007058511227405,0.002930021109935392,1.277433642558877,0.0022949045921604187,0.3865118828471664,0.002279016020168105,0.07746620503599497,0.0019465349549974713
