dataset,dataset_id,role,fold,method,result_layer,prediction_path,prediction_sha256,test_gene_count,coverage,SPCC,RMSE,JSD,SSIM
Cell2location,Cell2location_mouse_brain_ST8059048_shared12819,primary,0,GeneSPT,validation_selected_readout_genespt57,${FORMAL_RUN_ROOT}/evaluation/validation_selected_readout_genespt57/test_predictions/Cell2location_mouse_brain_ST8059048_shared12819/fold0/GeneSPT.npz,90087c46cf9a7f6c70e11160a7ff6fe56db3c8d28e955fa01f6e577947440345,2564,1.0,0.1825173742301905,1.3114585132057215,0.35708568754557246,0.05123901047771755
Cell2location,Cell2location_mouse_brain_ST8059048_shared12819,primary,0,Tangram,raw_identity,${FORMAL_RUN_ROOT}/baselines/Tangram/Cell2location_mouse_brain_ST8059048_shared12819/fold0/imputed_expression.npy,8e53252a7e1e2c3cae958b4c560731c113944a259737e27cb1b6b07bb3844fae,2564,1.0,0.17286737205902702,1.3114318007943075,0.35555843953273913,0.045638719238193605
Cell2location,Cell2location_mouse_brain_ST8059048_shared12819,primary,0,TransImp,raw_identity,${FORMAL_RUN_ROOT}/baselines/TransImp/Cell2location_mouse_brain_ST8059048_shared12819/fold0/imputed_expression.npy,5dfc53bcafedd953f805cd7252b464261a6eb85b9b90011906770d5e08e5f2dc,2564,1.0,0.12246247465208633,1.3450667518878126,0.36411001573226287,0.03771609430196751
Cell2location,Cell2location_mouse_brain_ST8059048_shared12819,primary,0,SpaIM,raw_identity,${FORMAL_RUN_ROOT}/baselines/SpaIM/Cell2location_mouse_brain_ST8059048_shared12819/fold0/imputed_expression.npy,d3772a0c11ec3508cb6701e4462138af9b59d21368ea8843caf18ac4e98b2c11,2564,1.0,0.15670986042720936,1.340614280983796,0.36512178863255607,0.025735517842369382
Cell2location,Cell2location_mouse_brain_ST8059048_shared12819,primary,0,SpaGE,raw_identity,${FORMAL_RUN_ROOT}/baselines/SpaGE/Cell2location_mouse_brain_ST8059048_shared12819/fold0/imputed_expression.npy,270181100ba13770de0acc2ce3e07fc2c9934804a4d8a563b55835a2cb82e55f,2564,1.0,0.11213295436421776,1.3463971487644115,0.3619032189351968,0.052171427492816655
Cell2location,Cell2location_mouse_brain_ST8059048_shared12819,primary,0,stPlus,raw_identity,${FORMAL_RUN_ROOT}/baselines/stPlus/Cell2location_mouse_brain_ST8059048_shared12819/fold0/imputed_expression.npy,9077c8501111a90a76d1783730cc8247fc66b784808f04681b1a105977714e92,2564,1.0,0.0,1.4060963080397972,0.39039740225194,0.0076689756942279015
Cell2location,Cell2location_mouse_brain_ST8059048_shared12819,primary,0,stAI,raw_identity,${FORMAL_RUN_ROOT}/baselines/stAI/Cell2location_mouse_brain_ST8059048_shared12819/fold0/imputed_expression.npy,fa977d6bc9b1c6c94cac0cf8333c054677adc5afb81707d881838a6807efb1c6,2564,1.0,0.05495874259642416,1.3810494894616858,0.38305834197689254,0.044636722235193646
Cell2location,Cell2location_mouse_brain_ST8059048_shared12819,primary,1,GeneSPT,validation_selected_readout_genespt57,${FORMAL_RUN_ROOT}/evaluation/validation_selected_readout_genespt57/test_predictions/Cell2location_mouse_brain_ST8059048_shared12819/fold1/GeneSPT.npz,e885632248076598def138cf4edb0b209356e65bcac4231e3c3911d917e94152,2564,1.0,0.1886422799171672,1.3051054704762763,0.347248536021885,0.04356196897754984
Cell2location,Cell2location_mouse_brain_ST8059048_shared12819,primary,1,Tangram,raw_identity,${FORMAL_RUN_ROOT}/baselines/Tangram/Cell2location_mouse_brain_ST8059048_shared12819/fold1/imputed_expression.npy,351054f1b35c012fe7e9976556d1397c5adfd5962901d83182f56d896f70ebc1,2564,1.0,0.178146551616538,1.3044166048192491,0.34796594730715436,0.04870536875440899
Cell2location,Cell2location_mouse_brain_ST8059048_shared12819,primary,1,TransImp,raw_identity,${FORMAL_RUN_ROOT}/baselines/TransImp/Cell2location_mouse_brain_ST8059048_shared12819/fold1/imputed_expression.npy,29c350294a560bdba5d7a424542c406fe05344e779fd3dedaa1a506c33d8911a,2564,1.0,0.1267787098763263,1.3425664656240586,0.35773825528213976,0.03629184733475721
Cell2location,Cell2location_mouse_brain_ST8059048_shared12819,primary,1,SpaIM,raw_identity,${FORMAL_RUN_ROOT}/baselines/SpaIM/Cell2location_mouse_brain_ST8059048_shared12819/fold1/imputed_expression.npy,b6a7fc58b021027fdad0cd2925da07a3d6cae844c1d5046e7f66e9d2a8634413,2564,1.0,0.16084344155608363,1.3372804336998954,0.35478397692276337,0.02621132269646023
Cell2location,Cell2location_mouse_brain_ST8059048_shared12819,primary,1,SpaGE,raw_identity,${FORMAL_RUN_ROOT}/baselines/SpaGE/Cell2location_mouse_brain_ST8059048_shared12819/fold1/imputed_expression.npy,bd4ab820e25f10d0f37695c1d9cbf9db67af2c06f75ef33369aefa586f30af4f,2564,1.0,0.11436484113357556,1.3421388253067117,0.3570635204290271,0.053618062623734405
Cell2location,Cell2location_mouse_brain_ST8059048_shared12819,primary,1,stPlus,raw_identity,${FORMAL_RUN_ROOT}/baselines/stPlus/Cell2location_mouse_brain_ST8059048_shared12819/fold1/imputed_expression.npy,dcc8726b21dcd13ce0c13f6ce8df8761c187b67b003d6ada33e8d8beff1dfe75,2564,1.0,0.0,1.4091829261976039,0.38693496344312256,0.006606333545208111
Cell2location,Cell2location_mouse_brain_ST8059048_shared12819,primary,1,stAI,raw_identity,${FORMAL_RUN_ROOT}/baselines/stAI/Cell2location_mouse_brain_ST8059048_shared12819/fold1/imputed_expression.npy,c1f68b9087bffab71df175f627e53df719b0a4b1d8131314cd902ea93c56f31c,2564,1.0,0.061205112595129785,1.3777063046704625,0.3769898586592299,0.04768843649766527
Cell2location,Cell2location_mouse_brain_ST8059048_shared12819,primary,2,GeneSPT,validation_selected_readout_genespt57,${FORMAL_RUN_ROOT}/evaluation/validation_selected_readout_genespt57/test_predictions/Cell2location_mouse_brain_ST8059048_shared12819/fold2/GeneSPT.npz,fab317e7c342e7ad420904a2aecabdea13435aed13465476fb48ef061a7ebb25,2564,1.0,0.18901168018652548,1.303896074733343,0.3475876087861712,0.0665673573120455
Cell2location,Cell2location_mouse_brain_ST8059048_shared12819,primary,2,Tangram,raw_identity,${FORMAL_RUN_ROOT}/baselines/Tangram/Cell2location_mouse_brain_ST8059048_shared12819/fold2/imputed_expression.npy,cabc67d834cd66196d7639e443db4cd5b85466fb69306b7993d5171bad3a8faa,2564,1.0,0.17978679780921622,1.304082100429722,0.34903672253696016,0.05184228285654584
Cell2location,Cell2location_mouse_brain_ST8059048_shared12819,primary,2,TransImp,raw_identity,${FORMAL_RUN_ROOT}/baselines/TransImp/Cell2location_mouse_brain_ST8059048_shared12819/fold2/imputed_expression.npy,b2e365dedb7e26314914dc83fb74fa97e1762b3110445ba1a0e04c0235682e18,2564,1.0,0.13183430768983112,1.3399975873247172,0.3595468043407867,0.03862710477096394
Cell2location,Cell2location_mouse_brain_ST8059048_shared12819,primary,2,SpaIM,raw_identity,${FORMAL_RUN_ROOT}/baselines/SpaIM/Cell2location_mouse_brain_ST8059048_shared12819/fold2/imputed_expression.npy,fe5ac5802d5ad5ae7979ed8da3b63548473f1ee55e5cbe255ff419deb96ad96f,2564,1.0,0.16267832557744913,1.3363965561265796,0.3563288499995567,0.0272447443114392
Cell2location,Cell2location_mouse_brain_ST8059048_shared12819,primary,2,SpaGE,raw_identity,${FORMAL_RUN_ROOT}/baselines/SpaGE/Cell2location_mouse_brain_ST8059048_shared12819/fold2/imputed_expression.npy,fef115bccb36d31d626b217057ab6abe7e412b9b214325baf5886d856a4637aa,2564,1.0,0.11609278864252127,1.3419433214191079,0.3580429224684287,0.05709591376016065
Cell2location,Cell2location_mouse_brain_ST8059048_shared12819,primary,2,stPlus,raw_identity,${FORMAL_RUN_ROOT}/baselines/stPlus/Cell2location_mouse_brain_ST8059048_shared12819/fold2/imputed_expression.npy,43306a8d1187081afc2c2231f6b3bfba7853377f9ad439ed06f7a9bde896972e,2564,1.0,0.030778381043629413,1.3911233372196354,0.3714050610211145,0.010069821622565079
Cell2location,Cell2location_mouse_brain_ST8059048_shared12819,primary,2,stAI,raw_identity,${FORMAL_RUN_ROOT}/baselines/stAI/Cell2location_mouse_brain_ST8059048_shared12819/fold2/imputed_expression.npy,21916594bc6653e8723c13c8f5b90b7463c1f951703a3fe3f582605328adccd0,2564,1.0,0.0458572767916222,1.3837170078328547,0.3770105375716311,0.041585609514026456
Cell2location,Cell2location_mouse_brain_ST8059048_shared12819,primary,3,GeneSPT,validation_selected_readout_genespt57,${FORMAL_RUN_ROOT}/evaluation/validation_selected_readout_genespt57/test_predictions/Cell2location_mouse_brain_ST8059048_shared12819/fold3/GeneSPT.npz,a54490c7c978d36b48b084a5c30e179f1db749b9d568ef2744cf1f76ce46ea71,2564,1.0,0.18982340813036844,1.3037083653423571,0.34000099434247627,0.04899042484073375
Cell2location,Cell2location_mouse_brain_ST8059048_shared12819,primary,3,Tangram,raw_identity,${FORMAL_RUN_ROOT}/baselines/Tangram/Cell2location_mouse_brain_ST8059048_shared12819/fold3/imputed_expression.npy,ca3c8dcc2536d32c57bdac6d42bbba8b662f3ee1139415c52fcfd67de768b1f5,2564,1.0,0.1771841405228386,1.3061683247534082,0.3407947518977848,0.051622822366923005
Cell2location,Cell2location_mouse_brain_ST8059048_shared12819,primary,3,TransImp,raw_identity,${FORMAL_RUN_ROOT}/baselines/TransImp/Cell2location_mouse_brain_ST8059048_shared12819/fold3/imputed_expression.npy,9fe7812aa15d1d9d293d6b6138dbd5666df6897e69a65fdd69e16797931425c1,2564,1.0,0.1271527811358099,1.3416862262274176,0.3501063872934526,0.03822279842708723
Cell2location,Cell2location_mouse_brain_ST8059048_shared12819,primary,3,SpaIM,raw_identity,${FORMAL_RUN_ROOT}/baselines/SpaIM/Cell2location_mouse_brain_ST8059048_shared12819/fold3/imputed_expression.npy,e9e9e88dcb5dd0f5134922bbfe76b29301cd4994e8cc6ec51df302880b48acb1,2564,1.0,0.16323226602619842,1.3384761696639136,0.34739356188559845,0.02854892516025851
Cell2location,Cell2location_mouse_brain_ST8059048_shared12819,primary,3,SpaGE,raw_identity,${FORMAL_RUN_ROOT}/baselines/SpaGE/Cell2location_mouse_brain_ST8059048_shared12819/fold3/imputed_expression.npy,4f231f489fe660a2eef1c59d2eac81085f0a0153dc39a23291699a9143037ef4,2564,1.0,0.11542278443916287,1.343556575015809,0.34874002532595033,0.05753477125521438
Cell2location,Cell2location_mouse_brain_ST8059048_shared12819,primary,3,stPlus,raw_identity,${FORMAL_RUN_ROOT}/baselines/stPlus/Cell2location_mouse_brain_ST8059048_shared12819/fold3/imputed_expression.npy,874682022f4b7e1e863daacfadf6a1e37ba038ed425b0181a8e4698e84247348,2564,1.0,0.0,1.4113060120185843,0.37341170647777605,0.009165351156733274
Cell2location,Cell2location_mouse_brain_ST8059048_shared12819,primary,3,stAI,raw_identity,${FORMAL_RUN_ROOT}/baselines/stAI/Cell2location_mouse_brain_ST8059048_shared12819/fold3/imputed_expression.npy,0ff8cc8beaa5a41d19b6ee666f7df53a5672b69dd0f0a254e850b6899ac1bba5,2564,1.0,0.04832188010539476,1.3831306005739974,0.3682419377478199,0.041080481005602354
Cell2location,Cell2location_mouse_brain_ST8059048_shared12819,primary,4,GeneSPT,validation_selected_readout_genespt57,${FORMAL_RUN_ROOT}/evaluation/validation_selected_readout_genespt57/test_predictions/Cell2location_mouse_brain_ST8059048_shared12819/fold4/GeneSPT.npz,924d29f5002a3f3b92bbe2ace8ce651b680135e83be52ca19378d069e1f6800b,2563,1.0,0.18522623909641167,1.3083042104947826,0.3519525166874169,0.041480833496902035
Cell2location,Cell2location_mouse_brain_ST8059048_shared12819,primary,4,Tangram,raw_identity,${FORMAL_RUN_ROOT}/baselines/Tangram/Cell2location_mouse_brain_ST8059048_shared12819/fold4/imputed_expression.npy,ad3a8ea8daa2c1103c26ea25b619b0bc658f62f9e1243d4591caa41c790cb8c0,2563,1.0,0.17218451743329705,1.3093725161681922,0.3508008883404094,0.04708997665104585
Cell2location,Cell2location_mouse_brain_ST8059048_shared12819,primary,4,TransImp,raw_identity,${FORMAL_RUN_ROOT}/baselines/TransImp/Cell2location_mouse_brain_ST8059048_shared12819/fold4/imputed_expression.npy,183af2b467967e0a071c7d786955cb6b1866554603c82e28d87242e320ee88ae,2563,1.0,0.12539749163395014,1.341813393082263,0.3611136500964512,0.03875835016858005
Cell2location,Cell2location_mouse_brain_ST8059048_shared12819,primary,4,SpaIM,raw_identity,${FORMAL_RUN_ROOT}/baselines/SpaIM/Cell2location_mouse_brain_ST8059048_shared12819/fold4/imputed_expression.npy,9b93eae5339db2225cd2f86dadf5bee71c867172cb3ec64d97b707062eef7190,2563,1.0,0.1583847774147632,1.3415259963750485,0.36018935184774825,0.02654669200320864
Cell2location,Cell2location_mouse_brain_ST8059048_shared12819,primary,4,SpaGE,raw_identity,${FORMAL_RUN_ROOT}/baselines/SpaGE/Cell2location_mouse_brain_ST8059048_shared12819/fold4/imputed_expression.npy,dd3d22c93c7ef5c6bca892ffdb755a5acb5e772ee60bad497eeff02110400b48,2563,1.0,0.11208425522968916,1.3445485089457592,0.3608375655353975,0.055670861396621855
Cell2location,Cell2location_mouse_brain_ST8059048_shared12819,primary,4,stPlus,raw_identity,${FORMAL_RUN_ROOT}/baselines/stPlus/Cell2location_mouse_brain_ST8059048_shared12819/fold4/imputed_expression.npy,e024f6026f2fb5bd1407b591696186a5a04a28a21bf6734c5952d4e83d53708f,2563,1.0,0.010869344730119461,1.4071602341871807,0.374868097283034,0.011870694602451808
Cell2location,Cell2location_mouse_brain_ST8059048_shared12819,primary,4,stAI,raw_identity,${FORMAL_RUN_ROOT}/baselines/stAI/Cell2location_mouse_brain_ST8059048_shared12819/fold4/imputed_expression.npy,e804ca6b156e8051f51c9bd7b9bbd184173dd48d916475b968adce434f7d6d8e,2563,1.0,0.05401738387505136,1.3820768045779042,0.3746110798898649,0.04442703098866732
HBC,HBC_shared16112,primary,0,GeneSPT,validation_selected_readout_genespt57,${FORMAL_RUN_ROOT}/evaluation/validation_selected_readout_genespt57/test_predictions/HBC_shared16112/fold0/GeneSPT.npz,336c0ba80fef1b946aa1d21511ef961c0889c2a7903a06e077cde3a726679925,3223,1.0,0.11015594545805811,1.363555244518129,0.5206669081543841,0.018694097260586767
HBC,HBC_shared16112,primary,0,Tangram,raw_identity,${FORMAL_RUN_ROOT}/baselines/Tangram/HBC_shared16112/fold0/imputed_expression.npy,30dee11b615bc5e0374e1d20d61250ab3c766bce38498960e5f52bb260362e89,3223,1.0,0.09772737814662215,1.3671366364793076,0.529322516906396,0.01443363624330989
HBC,HBC_shared16112,primary,0,TransImp,raw_identity,${FORMAL_RUN_ROOT}/baselines/TransImp/HBC_shared16112/fold0/imputed_expression.npy,c23d1cdd31b3678727a37c6d6ad44567ec1b694b95efda568baab1cbe98bc4c2,3223,1.0,0.08027697910742682,1.3752926813431396,0.5319103768309941,0.020612529718868067
HBC,HBC_shared16112,primary,0,SpaIM,raw_identity,${FORMAL_RUN_ROOT}/baselines/SpaIM/HBC_shared16112/fold0/imputed_expression.npy,328f85b624e8ce94201a9ea8aa5066647276191cceac02bf2ba68e78bec09ea6,3223,1.0,0.0990072907296406,1.3699773624631528,0.5291045800974734,0.01269358751971578
HBC,HBC_shared16112,primary,0,SpaGE,raw_identity,${FORMAL_RUN_ROOT}/baselines/SpaGE/HBC_shared16112/fold0/imputed_expression.npy,af61c0e76218be435aaf0aaebb095a0c792a8b9d738bd52a7f1db1a21b0e84e5,3223,1.0,0.05505572924483153,1.390133385392372,0.5486105346299375,0.028004853359148475
HBC,HBC_shared16112,primary,0,stPlus,raw_identity,${FORMAL_RUN_ROOT}/baselines/stPlus/HBC_shared16112/fold0/imputed_expression.npy,7a7d2bb1cefd1cf1c0f7e6fe7b7aa72d9664088fa3dbcb3119de06e98f4c7add,3223,1.0,0.023041943008668176,1.3930147364830723,0.5394657735345073,0.009177441666954894
HBC,HBC_shared16112,primary,0,stAI,raw_identity,${FORMAL_RUN_ROOT}/baselines/stAI/HBC_shared16112/fold0/imputed_expression.npy,60da1a33df4557c0def91400f1d88e7db3f3d6006fc3c08b3c11cfbb9dd62b0c,3223,1.0,0.08003348714671368,1.3778027622763047,0.5354209223039764,0.03294410516779948
HBC,HBC_shared16112,primary,1,GeneSPT,validation_selected_readout_genespt57,${FORMAL_RUN_ROOT}/evaluation/validation_selected_readout_genespt57/test_predictions/HBC_shared16112/fold1/GeneSPT.npz,8588018f5f3a62e50255017e073d37578dadc83a285a9710c5af209631940217,3223,1.0,0.10550448239169408,1.3667137247110783,0.5359047058868973,0.01671157298536663
HBC,HBC_shared16112,primary,1,Tangram,raw_identity,${FORMAL_RUN_ROOT}/baselines/Tangram/HBC_shared16112/fold1/imputed_expression.npy,971c3d2105c3d76e78cd38dd703313e449ed5c78d4b41678014489192b8810cf,3223,1.0,0.09390130488680203,1.3680520545858212,0.5441741065516372,0.013655047020957024
HBC,HBC_shared16112,primary,1,TransImp,raw_identity,${FORMAL_RUN_ROOT}/baselines/TransImp/HBC_shared16112/fold1/imputed_expression.npy,f36ca2d852840ead85fdb27368f5b3644ab2c41b5bd2c7a82da9a38b2fda728e,3223,1.0,0.07739049493341661,1.3774131840821493,0.5486184382996802,0.0209768689493326
HBC,HBC_shared16112,primary,1,SpaIM,raw_identity,${FORMAL_RUN_ROOT}/baselines/SpaIM/HBC_shared16112/fold1/imputed_expression.npy,81f9d1dec0d42e9d041e24d6a202c8dd6dbc674a147db234aabd80b98dcd9cf1,3223,1.0,0.09527989433330036,1.371782516381858,0.546357120518913,0.010546659213542425
HBC,HBC_shared16112,primary,1,SpaGE,raw_identity,${FORMAL_RUN_ROOT}/baselines/SpaGE/HBC_shared16112/fold1/imputed_expression.npy,3e4e977abb973f58bfd9ec3fbfb09234266a49660c8f7e9fc6ad23d27847dbf1,3223,1.0,0.0547889543135122,1.3891432965309782,0.5604193888449577,0.02836051101914361
HBC,HBC_shared16112,primary,1,stPlus,raw_identity,${FORMAL_RUN_ROOT}/baselines/stPlus/HBC_shared16112/fold1/imputed_expression.npy,9bfdbace6d994839e4d80ee0ad929b335ac5489975edaaaf98a82ece4c0963d9,3223,1.0,0.025495885617342298,1.3908058893897222,0.5554136690455248,0.009614851286351913
HBC,HBC_shared16112,primary,1,stAI,raw_identity,${FORMAL_RUN_ROOT}/baselines/stAI/HBC_shared16112/fold1/imputed_expression.npy,7c60b517b68dea39afddce7ba20b96652a7f5ae1363da20dca76aad31431ee7b,3223,1.0,0.07318207833908741,1.3795191488909437,0.5504095337301187,0.033144158655039294
HBC,HBC_shared16112,primary,2,GeneSPT,validation_selected_readout_genespt57,${FORMAL_RUN_ROOT}/evaluation/validation_selected_readout_genespt57/test_predictions/HBC_shared16112/fold2/GeneSPT.npz,6488d071da718eef123c8819c882caca7e1f693cebcb5219c7fb3559781c82bf,3222,1.0,0.10648368035533085,1.3650347355561587,0.5317556089907671,0.017838396476515753
HBC,HBC_shared16112,primary,2,Tangram,raw_identity,${FORMAL_RUN_ROOT}/baselines/Tangram/HBC_shared16112/fold2/imputed_expression.npy,cec64bc39ae5c8bf80a0ef22e627ef11c152f6b689fb48336f3e9eebdbc17683,3222,1.0,0.0959498295093061,1.3681942825181088,0.5379159232514883,0.014119016409399316
HBC,HBC_shared16112,primary,2,TransImp,raw_identity,${FORMAL_RUN_ROOT}/baselines/TransImp/HBC_shared16112/fold2/imputed_expression.npy,a69940dcf70af3baf85f0095d22de466b98d40fd691c4a9401be085ea300ae30,3222,1.0,0.08084126109768681,1.3762576102439583,0.5410218944213555,0.020808799384017418
HBC,HBC_shared16112,primary,2,SpaIM,raw_identity,${FORMAL_RUN_ROOT}/baselines/SpaIM/HBC_shared16112/fold2/imputed_expression.npy,6c898573b7133a467b4a570d44290117a975000102acd3ceb08f980e340297d0,3222,1.0,0.09763441322036562,1.3711036135051466,0.5389434094995209,0.010928726772163593
HBC,HBC_shared16112,primary,2,SpaGE,raw_identity,${FORMAL_RUN_ROOT}/baselines/SpaGE/HBC_shared16112/fold2/imputed_expression.npy,723702c07ec97937278cf0de51d06e006fd09132ac59048c15fe5f6f4845f6a8,3222,1.0,0.05481878060835275,1.3897056935536067,0.5561433165347205,0.027003023762531074
HBC,HBC_shared16112,primary,2,stPlus,raw_identity,${FORMAL_RUN_ROOT}/baselines/stPlus/HBC_shared16112/fold2/imputed_expression.npy,a0f27778e22c99d5cdad78578739842b27dbbef8a7fa013d327d984abc7cd332,3222,1.0,0.024979647269965207,1.3935286332238976,0.5497748405288061,0.006715953399297266
HBC,HBC_shared16112,primary,2,stAI,raw_identity,${FORMAL_RUN_ROOT}/baselines/stAI/HBC_shared16112/fold2/imputed_expression.npy,58ded561d53f075fa7e430a5c237745b9863790c5506959de78718780872fdcd,3222,1.0,0.0751634919165527,1.3793754340596758,0.5423285674929572,0.032308714180042664
HBC,HBC_shared16112,primary,3,GeneSPT,validation_selected_readout_genespt57,${FORMAL_RUN_ROOT}/evaluation/validation_selected_readout_genespt57/test_predictions/HBC_shared16112/fold3/GeneSPT.npz,4a746650936f559c2f58c9b0e24f2c634dc89cba1d1e76252c83853d7e4537cc,3222,1.0,0.10959766411685468,1.3638797209784919,0.5217636883873717,0.018820887877427736
HBC,HBC_shared16112,primary,3,Tangram,raw_identity,${FORMAL_RUN_ROOT}/baselines/Tangram/HBC_shared16112/fold3/imputed_expression.npy,8ab8c9b88c557d8152669b08299f18222d97b9c947ba70a421b78429aa46fdd3,3222,1.0,0.09978292411386569,1.36542194339909,0.5292252121542226,0.01484205390515463
HBC,HBC_shared16112,primary,3,TransImp,raw_identity,${FORMAL_RUN_ROOT}/baselines/TransImp/HBC_shared16112/fold3/imputed_expression.npy,50d76fbb65eeb4bf8dd6a9c0b88b59a3e3b06ae58ab9ee3c8942cb6187bdc890,3222,1.0,0.08066886680568312,1.3750365563552212,0.5327508247239613,0.021955007865928022
HBC,HBC_shared16112,primary,3,SpaIM,raw_identity,${FORMAL_RUN_ROOT}/baselines/SpaIM/HBC_shared16112/fold3/imputed_expression.npy,48746d76cfa8667ad9f7c63353efb7e36046a1f6a4b3d935ab22c8a23fc313ca,3222,1.0,0.09925298100422986,1.3693610057489627,0.5299198705111648,0.012539813831301391
HBC,HBC_shared16112,primary,3,SpaGE,raw_identity,${FORMAL_RUN_ROOT}/baselines/SpaGE/HBC_shared16112/fold3/imputed_expression.npy,393c9ef3287fdef6619a5fcb5f2eebe17a6281f77df01a3975ffcc1f90321220,3222,1.0,0.056099051262847116,1.3890256470614526,0.549919299081469,0.029414044738891188
HBC,HBC_shared16112,primary,3,stPlus,raw_identity,${FORMAL_RUN_ROOT}/baselines/stPlus/HBC_shared16112/fold3/imputed_expression.npy,c5a6dca13c96ff934024f8c1279471f22621f24066ef7d0175dd09d9310384e7,3222,1.0,0.011492645040431546,1.4024414908354195,0.5389953508514724,0.007468840138252757
HBC,HBC_shared16112,primary,3,stAI,raw_identity,${FORMAL_RUN_ROOT}/baselines/stAI/HBC_shared16112/fold3/imputed_expression.npy,5e1f7f2e8706566e204c8cb54128ffd3453916b4a2a9838148f8c3453e28542d,3222,1.0,0.07534503493941808,1.3781847894229475,0.5363287857048228,0.03365022184195432
HBC,HBC_shared16112,primary,4,GeneSPT,validation_selected_readout_genespt57,${FORMAL_RUN_ROOT}/evaluation/validation_selected_readout_genespt57/test_predictions/HBC_shared16112/fold4/GeneSPT.npz,88a3134047bc9eae7e04a64a9e6485adce8f559311560d7b3b9c1205bf372f27,3222,1.0,0.10779675288362432,1.3638481478414604,0.5268133730353162,0.019050817726439094
HBC,HBC_shared16112,primary,4,Tangram,raw_identity,${FORMAL_RUN_ROOT}/baselines/Tangram/HBC_shared16112/fold4/imputed_expression.npy,cc35520a469844f5927f375d39473dead3ae5e128254f6cc3d06e797787cfca1,3222,1.0,0.09674625651118104,1.366881086391856,0.5349803103031874,0.014271138553290527
HBC,HBC_shared16112,primary,4,TransImp,raw_identity,${FORMAL_RUN_ROOT}/baselines/TransImp/HBC_shared16112/fold4/imputed_expression.npy,b52aa47a5752ab22e5d9c9c02d3ecceb572573dbcf2d9b3da98956c0f695328f,3222,1.0,0.07930458940060096,1.3766154756339073,0.5374518595929652,0.02192022354484549
HBC,HBC_shared16112,primary,4,SpaIM,raw_identity,${FORMAL_RUN_ROOT}/baselines/SpaIM/HBC_shared16112/fold4/imputed_expression.npy,688b31f0e7999e23b22817558abe8b749254aad514c6479714479aec43cbf6b0,3222,1.0,0.09795366347962244,1.369736601448081,0.5352485461623328,0.011776894631214046
HBC,HBC_shared16112,primary,4,SpaGE,raw_identity,${FORMAL_RUN_ROOT}/baselines/SpaGE/HBC_shared16112/fold4/imputed_expression.npy,c758a655b38077300d82003d6fb8bcef903c32ae6d776797f4880bb0f5af5fdf,3222,1.0,0.05345968411673833,1.3908888296093176,0.554660751691264,0.02754610030898494
HBC,HBC_shared16112,primary,4,stPlus,raw_identity,${FORMAL_RUN_ROOT}/baselines/stPlus/HBC_shared16112/fold4/imputed_expression.npy,b755456b81ce2f2a8fd3f18a5c0f9896bf4b1d4534897d0e8875fbc74d666a30,3222,1.0,0.020446045044318635,1.396090245508848,0.5431571520168693,0.008421336199826265
HBC,HBC_shared16112,primary,4,stAI,raw_identity,${FORMAL_RUN_ROOT}/baselines/stAI/HBC_shared16112/fold4/imputed_expression.npy,9bfa176da9ef6ea9654edc2a7bdb7bdddb4cb4d0a6e920e783e7866900d38e0a,3222,1.0,0.07590103563999076,1.3783670271119295,0.5400745710988963,0.033798325825303115
MHPR,MHPR_current_panel,cross_platform,0,GeneSPT,validation_selected_readout_genespt57,${FORMAL_RUN_ROOT}/evaluation/validation_selected_readout_genespt57/test_predictions/MHPR_current_panel/fold0/GeneSPT.npz,0eb3cef090f8847dc4b07f067434e90a93179b21d0e952360790a8cc711b92e9,31,1.0,0.28910776867489724,1.1915023436665506,0.25325336768952295,0.21225026057970292
MHPR,MHPR_current_panel,cross_platform,0,Tangram,raw_identity,${FORMAL_RUN_ROOT}/baselines/Tangram/MHPR_current_panel/fold0/imputed_expression.npy,cafd7944f4fcf8baf7123d215927c6654cb43515f2e4d5a3449ae11392940271,31,1.0,0.2886335140666209,1.1868809486449399,0.26867162709242975,0.1666144938328396
MHPR,MHPR_current_panel,cross_platform,0,TransImp,raw_identity,${FORMAL_RUN_ROOT}/baselines/TransImp/MHPR_current_panel/fold0/imputed_expression.npy,4ed1c64fc2a3ef0c8d18a5c4f70bae4b406a0aaf9b618f91c7c85e0ead075f5a,31,1.0,0.18017987173772498,1.2840095459671013,0.31505845578578845,0.14149116937659498
MHPR,MHPR_current_panel,cross_platform,0,SpaIM,raw_identity,${FORMAL_RUN_ROOT}/baselines/SpaIM/MHPR_current_panel/fold0/imputed_expression.npy,91cd76cd5be8c8f6410ffede20b9db485c9cce0e34ecab49cca02609b1280985,31,1.0,0.2683989752441084,1.2111489177690187,0.2737945336027964,0.14416833140316918
MHPR,MHPR_current_panel,cross_platform,0,SpaGE,raw_identity,${FORMAL_RUN_ROOT}/baselines/SpaGE/MHPR_current_panel/fold0/imputed_expression.npy,7b289e1a0c19ff63f8e13d848f2c79e62038fb1cf095e93d9ceb68a0c3cf7a9f,31,1.0,0.2118536140801428,1.2445550662103653,0.3213220445633781,0.20059094356391322
MHPR,MHPR_current_panel,cross_platform,0,stPlus,raw_identity,${FORMAL_RUN_ROOT}/baselines/stPlus/MHPR_current_panel/fold0/imputed_expression.npy,dad7c102b7bb3a29590e3e0f20ba91eef8e195eaac3204ff6062b69b096e2315,31,1.0,0.1510129576883258,1.306712824663227,0.313178710305574,0.1392302504100229
MHPR,MHPR_current_panel,cross_platform,0,stAI,raw_identity,${FORMAL_RUN_ROOT}/baselines/stAI/MHPR_current_panel/fold0/imputed_expression.npy,277a9a707b111317f312f7dd7c865ff9327c710cec6f91aae504a417e36885f3,31,1.0,0.21315933577876914,1.2116451723634105,0.29783234987504087,0.11684884323605829
MHPR,MHPR_current_panel,cross_platform,1,GeneSPT,validation_selected_readout_genespt57,${FORMAL_RUN_ROOT}/evaluation/validation_selected_readout_genespt57/test_predictions/MHPR_current_panel/fold1/GeneSPT.npz,42d8aec9d9f4c022dea0069ae604af7560b245f342670a31f3d18f7660af3cc2,31,1.0,0.22737293351045554,1.223737895701083,0.2891531573387333,0.20222870705052284
MHPR,MHPR_current_panel,cross_platform,1,Tangram,raw_identity,${FORMAL_RUN_ROOT}/baselines/Tangram/MHPR_current_panel/fold1/imputed_expression.npy,a5c0ceef85fd1aa779e5bc59b53dacaf523491e74c327c39e96f6a79f3f33cff,31,1.0,0.21622276413362781,1.2696950416088943,0.30265060980987485,0.11482774323254129
MHPR,MHPR_current_panel,cross_platform,1,TransImp,raw_identity,${FORMAL_RUN_ROOT}/baselines/TransImp/MHPR_current_panel/fold1/imputed_expression.npy,8c2397d18473464d221ccd1436017f5089a4411aa20cad678761860bebbd0024,31,1.0,0.19841142367619163,1.2319490874100356,0.2857106512309288,0.1488491208924559
MHPR,MHPR_current_panel,cross_platform,1,SpaIM,raw_identity,${FORMAL_RUN_ROOT}/baselines/SpaIM/MHPR_current_panel/fold1/imputed_expression.npy,1c3bcd02974681fe65e5636ae002c8ff251eca249a9ad8aa73624d1351bae838,31,1.0,0.18257373174090635,1.269558279629299,0.29927509179058875,0.08050760302618239
MHPR,MHPR_current_panel,cross_platform,1,SpaGE,raw_identity,${FORMAL_RUN_ROOT}/baselines/SpaGE/MHPR_current_panel/fold1/imputed_expression.npy,614fa84adddd113eefb1d8a53ddb42a5826084cf10603afe4bc2c8b121cdc930,31,1.0,0.19323523832514916,1.25386689634098,0.31559206862374484,0.13307814526197195
MHPR,MHPR_current_panel,cross_platform,1,stPlus,raw_identity,${FORMAL_RUN_ROOT}/baselines/stPlus/MHPR_current_panel/fold1/imputed_expression.npy,b91981d8bcdddf23d53e4a1b305193b9d34a4e7db65568f961c4e74c0ee43983,31,1.0,0.16797540135064626,1.2618278984147455,0.3177753870164556,0.11944175958593323
MHPR,MHPR_current_panel,cross_platform,1,stAI,raw_identity,${FORMAL_RUN_ROOT}/baselines/stAI/MHPR_current_panel/fold1/imputed_expression.npy,9ea8db4ede2fecf0fc845a85e7b23675896d21f6cb62e1ed80dcab5eacda73fd,31,1.0,0.22077462939385356,1.2152801747842361,0.28081371248191594,0.2050917030388373
MHPR,MHPR_current_panel,cross_platform,2,GeneSPT,validation_selected_readout_genespt57,${FORMAL_RUN_ROOT}/evaluation/validation_selected_readout_genespt57/test_predictions/MHPR_current_panel/fold2/GeneSPT.npz,b5705c9c1d1f70d724325db72b0833c10279a7ab227c1603c597042afa5d5ed8,31,1.0,0.2682769031828878,1.2148954702503865,0.3031092340501288,0.18480672022082953
MHPR,MHPR_current_panel,cross_platform,2,Tangram,raw_identity,${FORMAL_RUN_ROOT}/baselines/Tangram/MHPR_current_panel/fold2/imputed_expression.npy,8abba840bf214295d19467bdc10de4824f90e8a558d3a4637f2c12bdb49c82df,31,1.0,0.2981184540233632,1.1895313612260046,0.30923284279293173,0.15347270551501901
MHPR,MHPR_current_panel,cross_platform,2,TransImp,raw_identity,${FORMAL_RUN_ROOT}/baselines/TransImp/MHPR_current_panel/fold2/imputed_expression.npy,2a6cec76890d02669c37290e508223d036384ab15a1cd25e79bfc588adbebe44,31,1.0,0.2093356960191786,1.246431906556887,0.30142297405449914,0.1407952157654381
MHPR,MHPR_current_panel,cross_platform,2,SpaIM,raw_identity,${FORMAL_RUN_ROOT}/baselines/SpaIM/MHPR_current_panel/fold2/imputed_expression.npy,99b970c5af6f128432c47dfa22b3fbf0e09123b755aa87a0169f5f519891c6fd,31,1.0,0.28218356518362653,1.2033243366098259,0.31420637860449385,0.14344598950608708
MHPR,MHPR_current_panel,cross_platform,2,SpaGE,raw_identity,${FORMAL_RUN_ROOT}/baselines/SpaGE/MHPR_current_panel/fold2/imputed_expression.npy,dba695f2482aa520f20e4c9c6fc721cae91440843d9913f8657ca02eadeaceb0,31,1.0,0.2592681038645622,1.1967147107307627,0.3026445459721323,0.16862829973966945
MHPR,MHPR_current_panel,cross_platform,2,stPlus,raw_identity,${FORMAL_RUN_ROOT}/baselines/stPlus/MHPR_current_panel/fold2/imputed_expression.npy,bb782e60142b3924b65b1506a8dd4dd93bbdda6e1dae4d2b204e5bd42915ecac,31,1.0,0.17709484677888557,1.2837997788568425,0.3196720692984123,0.14054325691027003
MHPR,MHPR_current_panel,cross_platform,2,stAI,raw_identity,${FORMAL_RUN_ROOT}/baselines/stAI/MHPR_current_panel/fold2/imputed_expression.npy,c4293c41769fabfb65b8dab5d38828d116cf52d50436130bc2203fc08068b97c,31,1.0,0.25205913849557576,1.1983322703511674,0.29879346048299926,0.1583632244867709
MHPR,MHPR_current_panel,cross_platform,3,GeneSPT,validation_selected_readout_genespt57,${FORMAL_RUN_ROOT}/evaluation/validation_selected_readout_genespt57/test_predictions/MHPR_current_panel/fold3/GeneSPT.npz,8f34a867e5f43038d013b28fae78e8a99d534a423e5afa4429232885844388ec,31,1.0,0.21203747900968384,1.2487623718110645,0.30736136614444687,0.13268234409899676
MHPR,MHPR_current_panel,cross_platform,3,Tangram,raw_identity,${FORMAL_RUN_ROOT}/baselines/Tangram/MHPR_current_panel/fold3/imputed_expression.npy,184380446c16148d2c77352643027a5b1ab336c8d8b46407627e0a4ce47f96b4,31,1.0,0.2498735522588274,1.239521686954037,0.2998247433345269,0.11004913333055565
MHPR,MHPR_current_panel,cross_platform,3,TransImp,raw_identity,${FORMAL_RUN_ROOT}/baselines/TransImp/MHPR_current_panel/fold3/imputed_expression.npy,b3ac82f31e81a4d6d5063fc173342532150f1a3414804fe10d24aee9bc2d1b62,31,1.0,0.17512345674272117,1.2874787532820868,0.30909253939258124,0.15722867783170547
MHPR,MHPR_current_panel,cross_platform,3,SpaIM,raw_identity,${FORMAL_RUN_ROOT}/baselines/SpaIM/MHPR_current_panel/fold3/imputed_expression.npy,a5011b015dd57bd19239f7323abbc267bb13acee4c4aac52c68b1e8bfe5d53e0,31,1.0,0.22532993744328553,1.2465065958925292,0.3056786555726049,0.10187177878746036
MHPR,MHPR_current_panel,cross_platform,3,SpaGE,raw_identity,${FORMAL_RUN_ROOT}/baselines/SpaGE/MHPR_current_panel/fold3/imputed_expression.npy,f6d551d6f42ec2eb4462820fd6287bdc139b4e9a9d19fb7a74453b86ee7fb64c,31,1.0,0.20258181199446984,1.2501061029613139,0.313950450266154,0.15758998732853371
MHPR,MHPR_current_panel,cross_platform,3,stPlus,raw_identity,${FORMAL_RUN_ROOT}/baselines/stPlus/MHPR_current_panel/fold3/imputed_expression.npy,a5e50c8ae421453c924722cbc3713786016c76c0f44f1b5babc7d17631d10583,31,1.0,0.1750623324357691,1.272030340051399,0.31971347077885537,0.14689520735108105
MHPR,MHPR_current_panel,cross_platform,3,stAI,raw_identity,${FORMAL_RUN_ROOT}/baselines/stAI/MHPR_current_panel/fold3/imputed_expression.npy,d9bac21e5231dac85fadea24409378dcf1d9735151323030b9d425bcdb7c612a,31,1.0,0.1727322470851382,1.2585129708230989,0.31151573348458483,0.1390738471906683
MHPR,MHPR_current_panel,cross_platform,4,GeneSPT,validation_selected_readout_genespt57,${FORMAL_RUN_ROOT}/evaluation/validation_selected_readout_genespt57/test_predictions/MHPR_current_panel/fold4/GeneSPT.npz,f2f88592169280162b09a44b96f817bba7508d2898a64691ebe15d6fd122a293,30,1.0,0.2410031199100719,1.2427816566934609,0.3207397458229393,0.13245227399086557
MHPR,MHPR_current_panel,cross_platform,4,Tangram,raw_identity,${FORMAL_RUN_ROOT}/baselines/Tangram/MHPR_current_panel/fold4/imputed_expression.npy,d2aa5d39388907530519938b1d6fb6adb688ad1286a2cfd88668a89e564d0d35,30,1.0,0.27856351065348584,1.201909424035866,0.31462111649308505,0.14409519335283066
MHPR,MHPR_current_panel,cross_platform,4,TransImp,raw_identity,${FORMAL_RUN_ROOT}/baselines/TransImp/MHPR_current_panel/fold4/imputed_expression.npy,06a9be1a625629c1048851d748edcaae108d4de35dc763d3541183b3e6abcdd0,30,1.0,0.12332494492745719,1.338268870811584,0.38018619298157663,0.08114079267475466
MHPR,MHPR_current_panel,cross_platform,4,SpaIM,raw_identity,${FORMAL_RUN_ROOT}/baselines/SpaIM/MHPR_current_panel/fold4/imputed_expression.npy,349baba2f2f84481c63c3672cdbc1663c3b64d97c79641020bf7da3c47131fb0,30,1.0,0.2541399868562537,1.2161297760981309,0.3157054645118863,0.1280812611407752
MHPR,MHPR_current_panel,cross_platform,4,SpaGE,raw_identity,${FORMAL_RUN_ROOT}/baselines/SpaGE/MHPR_current_panel/fold4/imputed_expression.npy,981c31b05e31fc878812aa5970385e862bef3aaeaa8bb4de9bffb3742a4968de,30,1.0,0.1413036080809952,1.2990862484891184,0.3871070601065477,0.12281757855622466
MHPR,MHPR_current_panel,cross_platform,4,stPlus,raw_identity,${FORMAL_RUN_ROOT}/baselines/stPlus/MHPR_current_panel/fold4/imputed_expression.npy,36cba801af8f6360fc115ed310261fb630037bf41779f69240c5f38c1f2c9aa8,30,1.0,0.07428694574295187,1.3380994776088155,0.38865429837937404,0.07752226101065751
MHPR,MHPR_current_panel,cross_platform,4,stAI,raw_identity,${FORMAL_RUN_ROOT}/baselines/stAI/MHPR_current_panel/fold4/imputed_expression.npy,6f77343c793dcb9b56c5c88acfad865a81de6b82993afc519bf7700381fd932b,30,1.0,0.1524044364980297,1.2831948622717484,0.36553587690717726,0.11027211840729045
MVC,MVC_shared981,cross_platform,0,GeneSPT,validation_selected_readout_genespt57,${FORMAL_RUN_ROOT}/evaluation/validation_selected_readout_genespt57/test_predictions/MVC_shared981/fold0/GeneSPT.npz,2b52bbdb642de75734925102c56d263ae741b304a46725c7a9e1cca814d50520,197,1.0,0.19778899149485257,1.2735965777633727,0.42675614545682017,0.0861097351553789
MVC,MVC_shared981,cross_platform,0,Tangram,raw_identity,${FORMAL_RUN_ROOT}/baselines/Tangram/MVC_shared981/fold0/imputed_expression.npy,a9fa1139705bf5e0236826645554c183df685e82d5776cf6238bff3f0eac57e0,197,1.0,0.17495626969892958,1.288868522838178,0.42872987639301374,0.07794721019597504
MVC,MVC_shared981,cross_platform,0,TransImp,raw_identity,${FORMAL_RUN_ROOT}/baselines/TransImp/MVC_shared981/fold0/imputed_expression.npy,bf36293560c400e708dfc0326d80c5cd4bf50bd93f7c54c1fd49f6f62ecc6d79,197,1.0,0.16766749929938252,1.291897848980334,0.4297968344130855,0.09363661611708915
MVC,MVC_shared981,cross_platform,0,SpaIM,raw_identity,${FORMAL_RUN_ROOT}/baselines/SpaIM/MVC_shared981/fold0/imputed_expression.npy,dfab39cd6be11a73b47627a25a14680b779c858f969500692be78becafd78855,197,1.0,0.191777966905347,1.2831629938919764,0.4288685389499519,0.07490796652819856
MVC,MVC_shared981,cross_platform,0,SpaGE,raw_identity,${FORMAL_RUN_ROOT}/baselines/SpaGE/MVC_shared981/fold0/imputed_expression.npy,19e07f485a532168041e17eeaa6a32358beb184e9f4ddf3047629045886d3349,197,1.0,0.10578153905933327,1.3353546400113832,0.46071797193502184,0.06650801489251275
MVC,MVC_shared981,cross_platform,0,stPlus,raw_identity,${FORMAL_RUN_ROOT}/baselines/stPlus/MVC_shared981/fold0/imputed_expression.npy,48e52644746a1ba2563278fa39a818d8027eed5f6386a18a580bd4b52d545522,197,1.0,0.10975604051670582,1.3389852604659522,0.45383308980565573,0.07295606066969501
MVC,MVC_shared981,cross_platform,0,stAI,raw_identity,${FORMAL_RUN_ROOT}/baselines/stAI/MVC_shared981/fold0/imputed_expression.npy,d0eb7453357d392946e15ad5be6b1916b865942638c2eb7e03cb646a457ad524,197,1.0,0.1339302475525032,1.3119810622749533,0.4391507100755854,0.06225131111236986
MVC,MVC_shared981,cross_platform,1,GeneSPT,validation_selected_readout_genespt57,${FORMAL_RUN_ROOT}/evaluation/validation_selected_readout_genespt57/test_predictions/MVC_shared981/fold1/GeneSPT.npz,53df40d76fdd084f1f0a4d29465819ae7b6526115964bd3a38da2bc9f171d20e,196,1.0,0.18277186584522656,1.2801887667303333,0.4166950296307333,0.1163937731872745
MVC,MVC_shared981,cross_platform,1,Tangram,raw_identity,${FORMAL_RUN_ROOT}/baselines/Tangram/MVC_shared981/fold1/imputed_expression.npy,e16a17e669948b804c9f0ffa94ceb79322925fd7e27b777de48f6609ec33980f,196,1.0,0.16980688130953933,1.2980000921583161,0.427673168108957,0.08242829599167462
MVC,MVC_shared981,cross_platform,1,TransImp,raw_identity,${FORMAL_RUN_ROOT}/baselines/TransImp/MVC_shared981/fold1/imputed_expression.npy,fcfdf47de416cc1e3becfaf1f0e5dc327e423c782271d46e5b780436d0cb1972,196,1.0,0.1623653372260147,1.3012643826663255,0.42970583505448934,0.08995336199755002
MVC,MVC_shared981,cross_platform,1,SpaIM,raw_identity,${FORMAL_RUN_ROOT}/baselines/SpaIM/MVC_shared981/fold1/imputed_expression.npy,c074f18a7893175804184985d226f92e8781ea279f023b3ee89eff19b62ab276,196,1.0,0.1826043608418798,1.286492257045905,0.4243777772219485,0.06962330445370622
MVC,MVC_shared981,cross_platform,1,SpaGE,raw_identity,${FORMAL_RUN_ROOT}/baselines/SpaGE/MVC_shared981/fold1/imputed_expression.npy,20acb46aa38b905eb37bf3875bac8b54281bedf84851eb21d07ceb964555482e,196,1.0,0.11475583823609967,1.3418020983257621,0.45197785801791307,0.06351062867290685
MVC,MVC_shared981,cross_platform,1,stPlus,raw_identity,${FORMAL_RUN_ROOT}/baselines/stPlus/MVC_shared981/fold1/imputed_expression.npy,0868ef1eb7ab021568da7063f689411fe710fbfa75c4d3af5403db0b19c57cd5,196,1.0,0.10608048384476665,1.3423015930277944,0.45248980399860406,0.06448686369617551
MVC,MVC_shared981,cross_platform,1,stAI,raw_identity,${FORMAL_RUN_ROOT}/baselines/stAI/MVC_shared981/fold1/imputed_expression.npy,43b3bb72090ac12981b02f154b5fa988a3681cb21d24783791fd78b6da0cc833,196,1.0,0.14307403190801748,1.311195710595783,0.4316804981475467,0.08242767271195188
MVC,MVC_shared981,cross_platform,2,GeneSPT,validation_selected_readout_genespt57,${FORMAL_RUN_ROOT}/evaluation/validation_selected_readout_genespt57/test_predictions/MVC_shared981/fold2/GeneSPT.npz,b1f60020ed7ee3533cd3cf612d878469aaa5630d8c8031b9dd604ccc5446544f,196,1.0,0.18776136320039027,1.2835507554513779,0.41498726329906943,0.1239726306508585
MVC,MVC_shared981,cross_platform,2,Tangram,raw_identity,${FORMAL_RUN_ROOT}/baselines/Tangram/MVC_shared981/fold2/imputed_expression.npy,644392bbec693957e7e0a74846b0c00c395fc2aa9b548e6ec1fb624441959b34,196,1.0,0.16489037179258603,1.2993160713702827,0.4236020755830673,0.07216887544563666
MVC,MVC_shared981,cross_platform,2,TransImp,raw_identity,${FORMAL_RUN_ROOT}/baselines/TransImp/MVC_shared981/fold2/imputed_expression.npy,80f2fbf2173eb69182384ab201bd92369f37d0c51dd88de33613d040ce8e0f21,196,1.0,0.16681430573926134,1.2991913728128415,0.42207190959272356,0.08636014080853052
MVC,MVC_shared981,cross_platform,2,SpaIM,raw_identity,${FORMAL_RUN_ROOT}/baselines/SpaIM/MVC_shared981/fold2/imputed_expression.npy,e41dc2b7e059d21cadf0edda15261c323af737eec24e07154bcee3cf30689fe8,196,1.0,0.18382515744500255,1.288376762632999,0.42504825226009024,0.06361116106063301
MVC,MVC_shared981,cross_platform,2,SpaGE,raw_identity,${FORMAL_RUN_ROOT}/baselines/SpaGE/MVC_shared981/fold2/imputed_expression.npy,848710cb16aa37996d59287c124d07e38bd8d78fc8e4b4e44735ef1f5fe64149,196,1.0,0.1221805015152587,1.3313276888626082,0.45022575451919583,0.06825441120634024
MVC,MVC_shared981,cross_platform,2,stPlus,raw_identity,${FORMAL_RUN_ROOT}/baselines/stPlus/MVC_shared981/fold2/imputed_expression.npy,7e884ef87029be0f4a55d43e95e5f5e41af67e5a87a27ebeef7d194682a6345e,196,1.0,0.10900829844943075,1.3430504416437108,0.454214532314142,0.05914921934301329
MVC,MVC_shared981,cross_platform,2,stAI,raw_identity,${FORMAL_RUN_ROOT}/baselines/stAI/MVC_shared981/fold2/imputed_expression.npy,41047700b8f74e3edf79867ebf9ebe506ca7c35f7d9fc2831f6dc00976c79eba,196,1.0,0.13793019638224271,1.31854036580425,0.4366323983311031,0.06737928301589811
MVC,MVC_shared981,cross_platform,3,GeneSPT,validation_selected_readout_genespt57,${FORMAL_RUN_ROOT}/evaluation/validation_selected_readout_genespt57/test_predictions/MVC_shared981/fold3/GeneSPT.npz,cb3411378c243e7793962b808de615434c0d5005288001d300d03e1492191f47,196,1.0,0.19073883299641464,1.2767756216965445,0.40955429230049617,0.12787844200095985
MVC,MVC_shared981,cross_platform,3,Tangram,raw_identity,${FORMAL_RUN_ROOT}/baselines/Tangram/MVC_shared981/fold3/imputed_expression.npy,0e77fa0a632f0f0f35173b8de9b31cfcd93d969091eaf6294ba6054f0c7bd5a4,196,1.0,0.17570379007670073,1.2879351556952017,0.42353501135513905,0.08323884652532068
MVC,MVC_shared981,cross_platform,3,TransImp,raw_identity,${FORMAL_RUN_ROOT}/baselines/TransImp/MVC_shared981/fold3/imputed_expression.npy,9d3c84d10a88c3dea0fcbacafb312dcc6a2977aaea6c5fd11aad29ec71a0b1b2,196,1.0,0.17199380233100292,1.2847330844136877,0.4214332537976208,0.10246441496836582
MVC,MVC_shared981,cross_platform,3,SpaIM,raw_identity,${FORMAL_RUN_ROOT}/baselines/SpaIM/MVC_shared981/fold3/imputed_expression.npy,c9b0f550df6c5313645e4600054fc7b0f672694bdbe742b717f93156c643058b,196,1.0,0.1785656163180601,1.285189780173378,0.42493266232912885,0.07721086925112683
MVC,MVC_shared981,cross_platform,3,SpaGE,raw_identity,${FORMAL_RUN_ROOT}/baselines/SpaGE/MVC_shared981/fold3/imputed_expression.npy,87dbc291ace62f26a5af22c29d73062108b4c8bf49a18531c95351a2979ae809,196,1.0,0.11507269989890805,1.3255193421809,0.4485798453086878,0.0747610658795289
MVC,MVC_shared981,cross_platform,3,stPlus,raw_identity,${FORMAL_RUN_ROOT}/baselines/stPlus/MVC_shared981/fold3/imputed_expression.npy,fb7ae7945d1bcf06eae2cf7693af3e8a57e9109a0bcb75dd72eeb0a8473a6d25,196,1.0,0.09414382183398703,1.3447215743139007,0.44929584390955923,0.052461282290156855
MVC,MVC_shared981,cross_platform,3,stAI,raw_identity,${FORMAL_RUN_ROOT}/baselines/stAI/MVC_shared981/fold3/imputed_expression.npy,150e17f3b002654b5d7175f08e8a4a4171cfaaebb6ddb00dba5db871e8b7a81d,196,1.0,0.14508009696607985,1.3089142842541546,0.42535991601229445,0.08618639591374457
MVC,MVC_shared981,cross_platform,4,GeneSPT,validation_selected_readout_genespt57,${FORMAL_RUN_ROOT}/evaluation/validation_selected_readout_genespt57/test_predictions/MVC_shared981/fold4/GeneSPT.npz,1fff23626999011667113fde1c4db69b9fa83bfc272044e408f437e1757a385a,196,1.0,0.195005486577903,1.2722141026555334,0.42090090616686804,0.08142961010835247
MVC,MVC_shared981,cross_platform,4,Tangram,raw_identity,${FORMAL_RUN_ROOT}/baselines/Tangram/MVC_shared981/fold4/imputed_expression.npy,6f6a9200c73999fabc0c95d9c5116e7f2bdddced2bdb09b68625b0197355eb19,196,1.0,0.17486387141503604,1.287399514689957,0.4257491790611383,0.08703415876734355
MVC,MVC_shared981,cross_platform,4,TransImp,raw_identity,${FORMAL_RUN_ROOT}/baselines/TransImp/MVC_shared981/fold4/imputed_expression.npy,70e3eb87d9910c68e987963b865e255c02c56f8cbdfb92c6c78b7fa5c72d1c7f,196,1.0,0.16021284503665392,1.2980843439261034,0.4246462194146416,0.09760665825005305
MVC,MVC_shared981,cross_platform,4,SpaIM,raw_identity,${FORMAL_RUN_ROOT}/baselines/SpaIM/MVC_shared981/fold4/imputed_expression.npy,d52130ef775fa34979b5c53aafbb9b6f79fdc85bc0d5ebafa90405988079e58e,196,1.0,0.18895739273906603,1.2784956560110903,0.42774766212984583,0.07517872088352948
MVC,MVC_shared981,cross_platform,4,SpaGE,raw_identity,${FORMAL_RUN_ROOT}/baselines/SpaGE/MVC_shared981/fold4/imputed_expression.npy,9f493e90abdfc486432ebc146e77e1f6a344a119acc8ad3b30316082553846e0,196,1.0,0.11015475583272377,1.3412381598274232,0.45846345018284207,0.06946638235385472
MVC,MVC_shared981,cross_platform,4,stPlus,raw_identity,${FORMAL_RUN_ROOT}/baselines/stPlus/MVC_shared981/fold4/imputed_expression.npy,2d8e2a3acc4dd6f7473ac9af5fd8a692e1e4d02f3ba09a376b7cf1b7cab7ad61,196,1.0,0.11041028605790225,1.3375142288802042,0.45553078174744643,0.06419817412556927
MVC,MVC_shared981,cross_platform,4,stAI,raw_identity,${FORMAL_RUN_ROOT}/baselines/stAI/MVC_shared981/fold4/imputed_expression.npy,0274980b138870a1a43dd2be55ec2f1eda6e1565d7f766e0997b8a13f70920bf,196,1.0,0.14140792139884673,1.3188445648296145,0.4413594629468936,0.0681113377411785
Vis9A,Vis9A_D7_spaim_effective4470,primary,0,GeneSPT,validation_selected_readout_genespt57,${FORMAL_RUN_ROOT}/evaluation/validation_selected_readout_genespt57/test_predictions/Vis9A_D7_spaim_effective4470/fold0/GeneSPT.npz,2acd254ac7ed0b0af88fba94ce5b8ad37fcbcc28e9cdda682ee3211dda691f5b,894,1.0,0.18987515953864903,1.3034616095234228,0.45848206841214034,0.06118880441179296
Vis9A,Vis9A_D7_spaim_effective4470,primary,0,Tangram,raw_identity,${FORMAL_RUN_ROOT}/baselines/Tangram/Vis9A_D7_spaim_effective4470/fold0/imputed_expression.npy,12afbe09536b1798d35f61141c7e29af3700ddbf458d5a924c0b0bf0d74e64c9,894,1.0,0.17371517937611333,1.3079464162908754,0.4737267990439734,0.03736117403824768
Vis9A,Vis9A_D7_spaim_effective4470,primary,0,TransImp,raw_identity,${FORMAL_RUN_ROOT}/baselines/TransImp/Vis9A_D7_spaim_effective4470/fold0/imputed_expression.npy,0c04403a7b4f4217a4f95814c621b6b0bb1dc96cfec69c49239c060ddb1c5608,894,1.0,0.12946810616674298,1.3391426744133588,0.47796087680539345,0.05428060423039495
Vis9A,Vis9A_D7_spaim_effective4470,primary,0,SpaIM,raw_identity,${FORMAL_RUN_ROOT}/baselines/SpaIM/Vis9A_D7_spaim_effective4470/fold0/imputed_expression.npy,60dd4a8614be4c1541c441d327abaa857bb1d911b9f5ed718ca510a78ec6e62b,894,1.0,0.17336008540192308,1.3160201078517253,0.47724313547944214,0.033691942703666905
Vis9A,Vis9A_D7_spaim_effective4470,primary,0,SpaGE,raw_identity,${FORMAL_RUN_ROOT}/baselines/SpaGE/Vis9A_D7_spaim_effective4470/fold0/imputed_expression.npy,a07439a830bdedba7e112956e93369b14d2f86176a3374f36efe3b375afa8f48,894,1.0,0.1380318569948686,1.336557830175737,0.4731663631364168,0.049182077132846544
Vis9A,Vis9A_D7_spaim_effective4470,primary,0,stPlus,raw_identity,${FORMAL_RUN_ROOT}/baselines/stPlus/Vis9A_D7_spaim_effective4470/fold0/imputed_expression.npy,cb95b81356d5052cf2a81251fa9af5e3f85844be0fc34178c03e7ff0a5775a91,894,1.0,0.10111976506941005,1.351341844824868,0.48099295768066963,0.04281877284296519
Vis9A,Vis9A_D7_spaim_effective4470,primary,0,stAI,raw_identity,${FORMAL_RUN_ROOT}/baselines/stAI/Vis9A_D7_spaim_effective4470/fold0/imputed_expression.npy,3d02a95f79da4d4a1d30780709787a49cdfe9babf891a24ad6202c5582e88877,894,1.0,0.1508542125431271,1.3254149569354057,0.4688811586090233,0.04918523674430994
Vis9A,Vis9A_D7_spaim_effective4470,primary,1,GeneSPT,validation_selected_readout_genespt57,${FORMAL_RUN_ROOT}/evaluation/validation_selected_readout_genespt57/test_predictions/Vis9A_D7_spaim_effective4470/fold1/GeneSPT.npz,1d8d4a5313abf0278463b3d269154cd9fa5e4bd55a34aa605173a5ecefbdf74a,894,1.0,0.1964056773622747,1.2989668435905588,0.45275107679412774,0.06592979827118184
Vis9A,Vis9A_D7_spaim_effective4470,primary,1,Tangram,raw_identity,${FORMAL_RUN_ROOT}/baselines/Tangram/Vis9A_D7_spaim_effective4470/fold1/imputed_expression.npy,1abac629cfc871e28d76930a5308f32f4b111d5710725d9a7062fcb454129fa8,894,1.0,0.18148542590762573,1.3017308337866047,0.46358973100087586,0.043236102588764105
Vis9A,Vis9A_D7_spaim_effective4470,primary,1,TransImp,raw_identity,${FORMAL_RUN_ROOT}/baselines/TransImp/Vis9A_D7_spaim_effective4470/fold1/imputed_expression.npy,0f7bde27fa1bc726f6de4f702da490dd885a6e3fe4339182aba4119a31b5509f,894,1.0,0.1275039948859074,1.33803058149063,0.4707591459821261,0.05545220574389635
Vis9A,Vis9A_D7_spaim_effective4470,primary,1,SpaIM,raw_identity,${FORMAL_RUN_ROOT}/baselines/SpaIM/Vis9A_D7_spaim_effective4470/fold1/imputed_expression.npy,ec0f97073a3429f04f077f018be8b5b9b6e24ee5fa31954c3d261a5425fca966,894,1.0,0.18068301234897316,1.308682512996704,0.4677652636837828,0.038796904163122536
Vis9A,Vis9A_D7_spaim_effective4470,primary,1,SpaGE,raw_identity,${FORMAL_RUN_ROOT}/baselines/SpaGE/Vis9A_D7_spaim_effective4470/fold1/imputed_expression.npy,1b4c079e19bd0131297898bf5b5cc96807d22e4bcb2d20855e828cf2cf38f1d9,894,1.0,0.13605716464572476,1.3345248674716133,0.4690127414120922,0.05130891005897967
Vis9A,Vis9A_D7_spaim_effective4470,primary,1,stPlus,raw_identity,${FORMAL_RUN_ROOT}/baselines/stPlus/Vis9A_D7_spaim_effective4470/fold1/imputed_expression.npy,7b3786ce71effb63507673ac6ad252fb56d7502a464cf9f26c5cf8daad3cd958,894,1.0,0.12158409350190016,1.33166148538082,0.4749806469559885,0.06383236868095929
Vis9A,Vis9A_D7_spaim_effective4470,primary,1,stAI,raw_identity,${FORMAL_RUN_ROOT}/baselines/stAI/Vis9A_D7_spaim_effective4470/fold1/imputed_expression.npy,a2a5968531027886fc4fcb221c1e91ca56d3b42dc33b272e1556449dc35038ba,894,1.0,0.16443899573301246,1.314307652123972,0.4579424648229401,0.06227733888782752
Vis9A,Vis9A_D7_spaim_effective4470,primary,2,GeneSPT,validation_selected_readout_genespt57,${FORMAL_RUN_ROOT}/evaluation/validation_selected_readout_genespt57/test_predictions/Vis9A_D7_spaim_effective4470/fold2/GeneSPT.npz,9379e5207be81e6aeb50cf8bfb790b0da18fe9cf4ec18330b797ae15f3886e08,894,1.0,0.19711816046241631,1.2884698531511642,0.45310605641885376,0.06369464008147493
Vis9A,Vis9A_D7_spaim_effective4470,primary,2,Tangram,raw_identity,${FORMAL_RUN_ROOT}/baselines/Tangram/Vis9A_D7_spaim_effective4470/fold2/imputed_expression.npy,2ed5ea71adf0d5e39404dee42f13a43a038066ee9d9b2b2e74430924a193e124,894,1.0,0.18436320276002288,1.293911073953658,0.47185434162074535,0.04778835186580031
Vis9A,Vis9A_D7_spaim_effective4470,primary,2,TransImp,raw_identity,${FORMAL_RUN_ROOT}/baselines/TransImp/Vis9A_D7_spaim_effective4470/fold2/imputed_expression.npy,77f9028d6e0eeea0899c6545e1a82df2d059ddfdce5142d18b69aaae3e558558,894,1.0,0.13260673534036577,1.3362812676199498,0.47939661426327684,0.062043632597631196
Vis9A,Vis9A_D7_spaim_effective4470,primary,2,SpaIM,raw_identity,${FORMAL_RUN_ROOT}/baselines/SpaIM/Vis9A_D7_spaim_effective4470/fold2/imputed_expression.npy,8291152fa2ad48c0a9c604d4e92bbf83db30b592249775a83deacc163bc239f1,894,1.0,0.18217189528076894,1.3043550608660064,0.47368176136018825,0.038058052693656697
Vis9A,Vis9A_D7_spaim_effective4470,primary,2,SpaGE,raw_identity,${FORMAL_RUN_ROOT}/baselines/SpaGE/Vis9A_D7_spaim_effective4470/fold2/imputed_expression.npy,b391f7815fd217b0e983cc50f4d8301d33e4178c22de155d18c0a4b08c5c6627,894,1.0,0.14264055887470395,1.3293191562239939,0.47420098105995223,0.05676621709656105
Vis9A,Vis9A_D7_spaim_effective4470,primary,2,stPlus,raw_identity,${FORMAL_RUN_ROOT}/baselines/stPlus/Vis9A_D7_spaim_effective4470/fold2/imputed_expression.npy,701e4a1e53045cba981e2e3884ee206252adec2ce49e2153e78b66d43650443c,894,1.0,0.12489426393359006,1.3307900970166777,0.47837503049848096,0.05903173290805533
Vis9A,Vis9A_D7_spaim_effective4470,primary,2,stAI,raw_identity,${FORMAL_RUN_ROOT}/baselines/stAI/Vis9A_D7_spaim_effective4470/fold2/imputed_expression.npy,361e09066d1bbed9246bba4b27166139c76b7dcc5ef8a8d064123c6287513614,894,1.0,0.15997023344222994,1.3156955478317232,0.4630313330923652,0.061213821017626936
Vis9A,Vis9A_D7_spaim_effective4470,primary,3,GeneSPT,validation_selected_readout_genespt57,${FORMAL_RUN_ROOT}/evaluation/validation_selected_readout_genespt57/test_predictions/Vis9A_D7_spaim_effective4470/fold3/GeneSPT.npz,2cdc57e32b56f194bcfb9f029ba026a2dddd001ec134809c52bb588ce580802e,894,1.0,0.198624270204295,1.2884779168929705,0.4596949539093343,0.045096031023905345
Vis9A,Vis9A_D7_spaim_effective4470,primary,3,Tangram,raw_identity,${FORMAL_RUN_ROOT}/baselines/Tangram/Vis9A_D7_spaim_effective4470/fold3/imputed_expression.npy,96cc845875ce82e76cdf89e1f98d17e4b235a5b4ab22678d9b59a8d9b9073936,894,1.0,0.18812125452497497,1.288924251827614,0.4595906301905919,0.05064049340496385
Vis9A,Vis9A_D7_spaim_effective4470,primary,3,TransImp,raw_identity,${FORMAL_RUN_ROOT}/baselines/TransImp/Vis9A_D7_spaim_effective4470/fold3/imputed_expression.npy,402a7f3949d219baeec3843788c4ae6f10e26d27eae56a0df015e47c33c99f08,894,1.0,0.13551720169679637,1.328957417570395,0.46722693115309255,0.06802906462504218
Vis9A,Vis9A_D7_spaim_effective4470,primary,3,SpaIM,raw_identity,${FORMAL_RUN_ROOT}/baselines/SpaIM/Vis9A_D7_spaim_effective4470/fold3/imputed_expression.npy,9cc777a7a199559427f012887fc4bf0a209343ad116e8264470ccaf06f8a75c0,894,1.0,0.18556621954223695,1.2983755038874825,0.46431904736204954,0.04425115827475068
Vis9A,Vis9A_D7_spaim_effective4470,primary,3,SpaGE,raw_identity,${FORMAL_RUN_ROOT}/baselines/SpaGE/Vis9A_D7_spaim_effective4470/fold3/imputed_expression.npy,fb13f8283dcd67e6d4449990e7e3c7bab0381066a42c91dafd3d532b73b0210f,894,1.0,0.14280515257678383,1.324267296702995,0.46337834755822305,0.05954405765923167
Vis9A,Vis9A_D7_spaim_effective4470,primary,3,stPlus,raw_identity,${FORMAL_RUN_ROOT}/baselines/stPlus/Vis9A_D7_spaim_effective4470/fold3/imputed_expression.npy,9b2e9f54bd6c550168f9f833b71d8e88fd8e83730498651b0535c7243182dcfd,894,1.0,0.11593320179821226,1.3370500226744135,0.46616689134976574,0.054982221863991806
Vis9A,Vis9A_D7_spaim_effective4470,primary,3,stAI,raw_identity,${FORMAL_RUN_ROOT}/baselines/stAI/Vis9A_D7_spaim_effective4470/fold3/imputed_expression.npy,47bbea6e011d6d83aabd7d0eb2b9bf058a97e3fffc2d24ec9e43b31dd5325b76,894,1.0,0.16229007108697932,1.3150972332034205,0.45442305243603837,0.06118806286875114
Vis9A,Vis9A_D7_spaim_effective4470,primary,4,GeneSPT,validation_selected_readout_genespt57,${FORMAL_RUN_ROOT}/evaluation/validation_selected_readout_genespt57/test_predictions/Vis9A_D7_spaim_effective4470/fold4/GeneSPT.npz,7380e3e7ab09ecf190749d6f67a48cfea6c12817d7d0c0c82706feb80c185efc,894,1.0,0.20133838156887568,1.2832699571476682,0.44476990398928895,0.07654606236250894
Vis9A,Vis9A_D7_spaim_effective4470,primary,4,Tangram,raw_identity,${FORMAL_RUN_ROOT}/baselines/Tangram/Vis9A_D7_spaim_effective4470/fold4/imputed_expression.npy,ad22251ab563eead95fba84943a05471a67c000e22c6f0756ac04c298ff43312,894,1.0,0.19068578385724264,1.2914520909335674,0.46627537761016824,0.04832037117500781
Vis9A,Vis9A_D7_spaim_effective4470,primary,4,TransImp,raw_identity,${FORMAL_RUN_ROOT}/baselines/TransImp/Vis9A_D7_spaim_effective4470/fold4/imputed_expression.npy,ab73d64ad8ec0d36bbcdc7e7cff1a7e0b3b327814425312b6e49efd52c1753b5,894,1.0,0.13976683541278323,1.329516930444503,0.47160019790898,0.06294884954113447
Vis9A,Vis9A_D7_spaim_effective4470,primary,4,SpaIM,raw_identity,${FORMAL_RUN_ROOT}/baselines/SpaIM/Vis9A_D7_spaim_effective4470/fold4/imputed_expression.npy,26091e130950bddf4fb7bfe64eaf50fdc8a584b2000f6c24ae5b03e66d0e9fab,894,1.0,0.18919088604007145,1.2958992043351194,0.46735062586276754,0.039714863393352326
Vis9A,Vis9A_D7_spaim_effective4470,primary,4,SpaGE,raw_identity,${FORMAL_RUN_ROOT}/baselines/SpaGE/Vis9A_D7_spaim_effective4470/fold4/imputed_expression.npy,e664195299beb52a9111de66ba135a5260f732602172432e810eeb13939d46ea,894,1.0,0.14247945056490513,1.3284594440154756,0.46663701660603973,0.05482694650365516
Vis9A,Vis9A_D7_spaim_effective4470,primary,4,stPlus,raw_identity,${FORMAL_RUN_ROOT}/baselines/stPlus/Vis9A_D7_spaim_effective4470/fold4/imputed_expression.npy,479ad534a0491fce63938055be7784960ba2bb8ad84a8c652b0c0d06d4d390b5,894,1.0,0.11117116170218103,1.336919427529852,0.46800208296592083,0.04191754298448587
Vis9A,Vis9A_D7_spaim_effective4470,primary,4,stAI,raw_identity,${FORMAL_RUN_ROOT}/baselines/stAI/Vis9A_D7_spaim_effective4470/fold4/imputed_expression.npy,09777dd509aba6e629cca1a9c9af3690c8db0e8deb734fd018313d65b3cc1f5c,894,1.0,0.16856656608437542,1.3093220889926966,0.4593607964618974,0.06097247716846527
seqFISH+,seqFISH_plus_cortex_svz_zeisel_sccortex_ref_shared10000,cross_platform,0,GeneSPT,validation_selected_readout_genespt57,${FORMAL_RUN_ROOT}/evaluation/validation_selected_readout_genespt57/test_predictions/seqFISH_plus_cortex_svz_zeisel_sccortex_ref_shared10000/fold0/GeneSPT.npz,67a66a3a94a061bc88215fc7e465a2c0c911f2ef546d3f8cd4806f6e0381e188,2000,1.0,0.3344823738170224,1.2338341652563012,0.35034986386498856,0.09346192395660047
seqFISH+,seqFISH_plus_cortex_svz_zeisel_sccortex_ref_shared10000,cross_platform,0,Tangram,raw_identity,${FORMAL_RUN_ROOT}/baselines/Tangram/seqFISH_plus_cortex_svz_zeisel_sccortex_ref_shared10000/fold0/imputed_expression.npy,2e27c965fb741da8d27ab5a372bc5c57ed861e374dd90397dee2c342bebfc508,2000,1.0,0.32874924055045773,1.237138076632618,0.3652792957305907,0.07563198310780286
seqFISH+,seqFISH_plus_cortex_svz_zeisel_sccortex_ref_shared10000,cross_platform,0,TransImp,raw_identity,${FORMAL_RUN_ROOT}/baselines/TransImp/seqFISH_plus_cortex_svz_zeisel_sccortex_ref_shared10000/fold0/imputed_expression.npy,fdb7500fa2bb263f0d8b09224762fced332dd5e30af01af9451e551801c9672f,2000,1.0,0.30354227818430585,1.2504998526596087,0.371142696267629,0.08854354544005441
seqFISH+,seqFISH_plus_cortex_svz_zeisel_sccortex_ref_shared10000,cross_platform,0,SpaIM,raw_identity,${FORMAL_RUN_ROOT}/baselines/SpaIM/seqFISH_plus_cortex_svz_zeisel_sccortex_ref_shared10000/fold0/imputed_expression.npy,bd04c3c0471acd3d3935b7c147782ff45ec10acaef43c5e3328fe27867dc97b7,2000,1.0,0.3319846185400277,1.2380305308311175,0.36632688029091964,0.07346255473295808
seqFISH+,seqFISH_plus_cortex_svz_zeisel_sccortex_ref_shared10000,cross_platform,0,SpaGE,raw_identity,${FORMAL_RUN_ROOT}/baselines/SpaGE/seqFISH_plus_cortex_svz_zeisel_sccortex_ref_shared10000/fold0/imputed_expression.npy,5d75b3dd88bd09f8af430c24498673f6a7df34d29e9dcb54e3d36bbdffc96ea6,2000,1.0,0.2252212363372328,1.2949904756945756,0.3943296402180281,0.0736261696147321
seqFISH+,seqFISH_plus_cortex_svz_zeisel_sccortex_ref_shared10000,cross_platform,0,stPlus,raw_identity,${FORMAL_RUN_ROOT}/baselines/stPlus/seqFISH_plus_cortex_svz_zeisel_sccortex_ref_shared10000/fold0/imputed_expression.npy,32c85a372820deddd2dd119ba05053c5b0dc64cc907e2775bf7f04b604f1633f,2000,1.0,0.02396216615315979,1.388654259997323,0.41598708205957363,0.01002684235256742
seqFISH+,seqFISH_plus_cortex_svz_zeisel_sccortex_ref_shared10000,cross_platform,0,stAI,raw_identity,${FORMAL_RUN_ROOT}/baselines/stAI/seqFISH_plus_cortex_svz_zeisel_sccortex_ref_shared10000/fold0/imputed_expression.npy,6eac9f30366677626993c14d4708fd5e7252fef34342b9716c8fea2fb752a678,2000,1.0,0.26880285962785333,1.2801928483541731,0.38413809103176233,0.07940933577494182
seqFISH+,seqFISH_plus_cortex_svz_zeisel_sccortex_ref_shared10000,cross_platform,1,GeneSPT,validation_selected_readout_genespt57,${FORMAL_RUN_ROOT}/evaluation/validation_selected_readout_genespt57/test_predictions/seqFISH_plus_cortex_svz_zeisel_sccortex_ref_shared10000/fold1/GeneSPT.npz,cbe65ff8d072e7af1bb5477e2c5a374a42823e80d085bdf8881f5343ab80702c,2000,1.0,0.337334736195006,1.2320724715396143,0.35166897769624816,0.09038229061015951
seqFISH+,seqFISH_plus_cortex_svz_zeisel_sccortex_ref_shared10000,cross_platform,1,Tangram,raw_identity,${FORMAL_RUN_ROOT}/baselines/Tangram/seqFISH_plus_cortex_svz_zeisel_sccortex_ref_shared10000/fold1/imputed_expression.npy,d6cc4704138aa14c78b5c0957b01b00ffc631a5f28e8813523bbb80475e9055c,2000,1.0,0.33018772926526796,1.235644540067786,0.370218000719511,0.07290793701036177
seqFISH+,seqFISH_plus_cortex_svz_zeisel_sccortex_ref_shared10000,cross_platform,1,TransImp,raw_identity,${FORMAL_RUN_ROOT}/baselines/TransImp/seqFISH_plus_cortex_svz_zeisel_sccortex_ref_shared10000/fold1/imputed_expression.npy,2217f5cc534a1798df0cf6d7e69c4cb2cda741f0f5309115a7f9ae76bc01dd86,2000,1.0,0.3069220941756207,1.249274274219426,0.37411303722428024,0.08773066081609286
seqFISH+,seqFISH_plus_cortex_svz_zeisel_sccortex_ref_shared10000,cross_platform,1,SpaIM,raw_identity,${FORMAL_RUN_ROOT}/baselines/SpaIM/seqFISH_plus_cortex_svz_zeisel_sccortex_ref_shared10000/fold1/imputed_expression.npy,a5aca5dbca374a14e8b9bb8650e26fb860ef9ff44816504032b1f4eeb9002b5c,2000,1.0,0.3351451694750164,1.2359542145185591,0.3695903257674296,0.07254849025284577
seqFISH+,seqFISH_plus_cortex_svz_zeisel_sccortex_ref_shared10000,cross_platform,1,SpaGE,raw_identity,${FORMAL_RUN_ROOT}/baselines/SpaGE/seqFISH_plus_cortex_svz_zeisel_sccortex_ref_shared10000/fold1/imputed_expression.npy,06c396780453d15f594edd091c7e5c848b06bc6ca6049631b7961a0cf34609e7,2000,1.0,0.2275333900442011,1.293062688753922,0.39567418035286706,0.07494735819384327
seqFISH+,seqFISH_plus_cortex_svz_zeisel_sccortex_ref_shared10000,cross_platform,1,stPlus,raw_identity,${FORMAL_RUN_ROOT}/baselines/stPlus/seqFISH_plus_cortex_svz_zeisel_sccortex_ref_shared10000/fold1/imputed_expression.npy,f3a47dbba8100eea86129e38b4eb1ea8180c8510838a219c7bc4231fdaedf524,2000,1.0,0.15724269498671467,1.3195868487179152,0.4146825298968395,0.021880737576441666
seqFISH+,seqFISH_plus_cortex_svz_zeisel_sccortex_ref_shared10000,cross_platform,1,stAI,raw_identity,${FORMAL_RUN_ROOT}/baselines/stAI/seqFISH_plus_cortex_svz_zeisel_sccortex_ref_shared10000/fold1/imputed_expression.npy,60a5d6de3a39890de1ef97b1e317cd38c91483cb2d60c2f317e988b6a4493edd,2000,1.0,0.2723625438356453,1.2751050757882338,0.38802318172966377,0.07794998466276581
seqFISH+,seqFISH_plus_cortex_svz_zeisel_sccortex_ref_shared10000,cross_platform,2,GeneSPT,validation_selected_readout_genespt57,${FORMAL_RUN_ROOT}/evaluation/validation_selected_readout_genespt57/test_predictions/seqFISH_plus_cortex_svz_zeisel_sccortex_ref_shared10000/fold2/GeneSPT.npz,d322cb332db269d21d0062a1a68be641c64f02b5d126111882b51e9e90699ae4,2000,1.0,0.33415312642028905,1.2352052419826012,0.3530457235201102,0.09342334864377139
seqFISH+,seqFISH_plus_cortex_svz_zeisel_sccortex_ref_shared10000,cross_platform,2,Tangram,raw_identity,${FORMAL_RUN_ROOT}/baselines/Tangram/seqFISH_plus_cortex_svz_zeisel_sccortex_ref_shared10000/fold2/imputed_expression.npy,15d1620dfcbc5d6417d15b69ca6e1b0ab171483e10a7e57c70c77c15f70ab0b9,2000,1.0,0.3270145200672876,1.2395436920923544,0.3718906061424654,0.07136339618594306
seqFISH+,seqFISH_plus_cortex_svz_zeisel_sccortex_ref_shared10000,cross_platform,2,TransImp,raw_identity,${FORMAL_RUN_ROOT}/baselines/TransImp/seqFISH_plus_cortex_svz_zeisel_sccortex_ref_shared10000/fold2/imputed_expression.npy,258f4a0b2cf1114d3f84bdc296647aba0e9676b327dfd2a56657f8ec2e72269b,2000,1.0,0.299880444419688,1.2545936736927241,0.37703669074234814,0.08399223104002831
seqFISH+,seqFISH_plus_cortex_svz_zeisel_sccortex_ref_shared10000,cross_platform,2,SpaIM,raw_identity,${FORMAL_RUN_ROOT}/baselines/SpaIM/seqFISH_plus_cortex_svz_zeisel_sccortex_ref_shared10000/fold2/imputed_expression.npy,149442f249dec43e465419db37d4ee9c497c70beb7f41b750b857517a25c1428,2000,1.0,0.3307150003502672,1.24041039834381,0.3710919111448307,0.07038391733956889
seqFISH+,seqFISH_plus_cortex_svz_zeisel_sccortex_ref_shared10000,cross_platform,2,SpaGE,raw_identity,${FORMAL_RUN_ROOT}/baselines/SpaGE/seqFISH_plus_cortex_svz_zeisel_sccortex_ref_shared10000/fold2/imputed_expression.npy,5651b36878d452578d423c1b29a3e90e1ce937e3ca7bab507cfe0708b5fd47ed,2000,1.0,0.21985987413600708,1.2984475137291145,0.40240375946359397,0.07185722473727255
seqFISH+,seqFISH_plus_cortex_svz_zeisel_sccortex_ref_shared10000,cross_platform,2,stPlus,raw_identity,${FORMAL_RUN_ROOT}/baselines/stPlus/seqFISH_plus_cortex_svz_zeisel_sccortex_ref_shared10000/fold2/imputed_expression.npy,aa885ef925baeebf58ea1acafff2a49081e6f59023e0ead5b27d861696114e45,2000,1.0,0.14867896009329973,1.3386434514280043,0.4132836667290096,0.02025918060962137
seqFISH+,seqFISH_plus_cortex_svz_zeisel_sccortex_ref_shared10000,cross_platform,2,stAI,raw_identity,${FORMAL_RUN_ROOT}/baselines/stAI/seqFISH_plus_cortex_svz_zeisel_sccortex_ref_shared10000/fold2/imputed_expression.npy,f4ed3a5c8083a675781329b68bcaabed13e92e0c8383f3a018f3c402b7256d5c,2000,1.0,0.2664756159108068,1.278160711081715,0.3892357207280747,0.07384160595185886
seqFISH+,seqFISH_plus_cortex_svz_zeisel_sccortex_ref_shared10000,cross_platform,3,GeneSPT,validation_selected_readout_genespt57,${FORMAL_RUN_ROOT}/evaluation/validation_selected_readout_genespt57/test_predictions/seqFISH_plus_cortex_svz_zeisel_sccortex_ref_shared10000/fold3/GeneSPT.npz,03e28863f0fb8001b870382d7668b2b54aea64731a56da6f33e6f9e9542dbf6d,2000,1.0,0.3326272376935354,1.2344032596746919,0.35207579951715,0.09677260399261137
seqFISH+,seqFISH_plus_cortex_svz_zeisel_sccortex_ref_shared10000,cross_platform,3,Tangram,raw_identity,${FORMAL_RUN_ROOT}/baselines/Tangram/seqFISH_plus_cortex_svz_zeisel_sccortex_ref_shared10000/fold3/imputed_expression.npy,27d4fd2c690d721b074e6229342bde8e8b93f1dfb1742c43fcc87c38ddf4714d,2000,1.0,0.33019684862969767,1.2355761480897134,0.3717743213467078,0.07267250316525138
seqFISH+,seqFISH_plus_cortex_svz_zeisel_sccortex_ref_shared10000,cross_platform,3,TransImp,raw_identity,${FORMAL_RUN_ROOT}/baselines/TransImp/seqFISH_plus_cortex_svz_zeisel_sccortex_ref_shared10000/fold3/imputed_expression.npy,db3853edf3b1f7e556513279a7897187eaeee75de5cb9b6486d83d2292e25a9a,2000,1.0,0.3019126890174011,1.2530255945492612,0.3762241619897221,0.08942044055932291
seqFISH+,seqFISH_plus_cortex_svz_zeisel_sccortex_ref_shared10000,cross_platform,3,SpaIM,raw_identity,${FORMAL_RUN_ROOT}/baselines/SpaIM/seqFISH_plus_cortex_svz_zeisel_sccortex_ref_shared10000/fold3/imputed_expression.npy,09858d67f55f0f3b1b630bfde1b03ea67dfbf3e7c6aba366a074c019a3630667,2000,1.0,0.33226796484411947,1.2367493795855842,0.3702878943051032,0.07226557904679001
seqFISH+,seqFISH_plus_cortex_svz_zeisel_sccortex_ref_shared10000,cross_platform,3,SpaGE,raw_identity,${FORMAL_RUN_ROOT}/baselines/SpaGE/seqFISH_plus_cortex_svz_zeisel_sccortex_ref_shared10000/fold3/imputed_expression.npy,af8d5841d72d45a1a20b12584e4803d40ef8ec1d6cdffdb05df6f083a552e895,2000,1.0,0.22037729951942736,1.300303803595357,0.40114807548799014,0.06899787505301644
seqFISH+,seqFISH_plus_cortex_svz_zeisel_sccortex_ref_shared10000,cross_platform,3,stPlus,raw_identity,${FORMAL_RUN_ROOT}/baselines/stPlus/seqFISH_plus_cortex_svz_zeisel_sccortex_ref_shared10000/fold3/imputed_expression.npy,18588ee0c8e313639ada9394d2ffe66403a8ef3d6c0406b9d23a0618f2a91dac,2000,1.0,0.025315446307701016,1.3796852534531188,0.42228181695339223,0.007074256910610607
seqFISH+,seqFISH_plus_cortex_svz_zeisel_sccortex_ref_shared10000,cross_platform,3,stAI,raw_identity,${FORMAL_RUN_ROOT}/baselines/stAI/seqFISH_plus_cortex_svz_zeisel_sccortex_ref_shared10000/fold3/imputed_expression.npy,5bcfaa1d21fbc135417b2a40801c42d2afeef6d69c860198ac4750762102b268,2000,1.0,0.2682066062901569,1.2793143338233248,0.38769060162381136,0.07879997939370155
seqFISH+,seqFISH_plus_cortex_svz_zeisel_sccortex_ref_shared10000,cross_platform,4,GeneSPT,validation_selected_readout_genespt57,${FORMAL_RUN_ROOT}/evaluation/validation_selected_readout_genespt57/test_predictions/seqFISH_plus_cortex_svz_zeisel_sccortex_ref_shared10000/fold4/GeneSPT.npz,e8c6f7b43438b074bac91166c0d4323793ecfeadda9b3db2f273b56764b6e968,2000,1.0,0.3383160522638934,1.230758382036274,0.35057040801192624,0.0927335509159593
seqFISH+,seqFISH_plus_cortex_svz_zeisel_sccortex_ref_shared10000,cross_platform,4,Tangram,raw_identity,${FORMAL_RUN_ROOT}/baselines/Tangram/seqFISH_plus_cortex_svz_zeisel_sccortex_ref_shared10000/fold4/imputed_expression.npy,ad21f746d9bf2fc8811d1e0859529390f45dace108d27152b89def80b8bf591e,2000,1.0,0.33193470249678625,1.235406068675499,0.36676211378331636,0.0754211480213858
seqFISH+,seqFISH_plus_cortex_svz_zeisel_sccortex_ref_shared10000,cross_platform,4,TransImp,raw_identity,${FORMAL_RUN_ROOT}/baselines/TransImp/seqFISH_plus_cortex_svz_zeisel_sccortex_ref_shared10000/fold4/imputed_expression.npy,48ff45cd94cf58b77c095e4f73f8c729106f8b6ea8bd8cf65e620b6cce2f2e7b,2000,1.0,0.30914549450541134,1.2481570222460907,0.37045551568021984,0.08538448067687424
seqFISH+,seqFISH_plus_cortex_svz_zeisel_sccortex_ref_shared10000,cross_platform,4,SpaIM,raw_identity,${FORMAL_RUN_ROOT}/baselines/SpaIM/seqFISH_plus_cortex_svz_zeisel_sccortex_ref_shared10000/fold4/imputed_expression.npy,fc2b6fd9a35651062500dad215ba830e594a28631351ecdee207a5ded4f86462,2000,1.0,0.33589278687179025,1.2353015622258214,0.3663812526246217,0.07401360246513217
seqFISH+,seqFISH_plus_cortex_svz_zeisel_sccortex_ref_shared10000,cross_platform,4,SpaGE,raw_identity,${FORMAL_RUN_ROOT}/baselines/SpaGE/seqFISH_plus_cortex_svz_zeisel_sccortex_ref_shared10000/fold4/imputed_expression.npy,93abfae04de10cb86dd321b44a08d74657ee2de6a38104cb2ec8dcbfb015a952,2000,1.0,0.2272403286531564,1.292997367754116,0.3952212901852664,0.07485204886076868
seqFISH+,seqFISH_plus_cortex_svz_zeisel_sccortex_ref_shared10000,cross_platform,4,stPlus,raw_identity,${FORMAL_RUN_ROOT}/baselines/stPlus/seqFISH_plus_cortex_svz_zeisel_sccortex_ref_shared10000/fold4/imputed_expression.npy,428f4daf91dc7cc33f1ca30890229e3e058fccb46fafbc4dde5017a6a79c82a2,2000,1.0,0.11690094633598885,1.3371956307305282,0.41336214412057654,0.01638529003307681
seqFISH+,seqFISH_plus_cortex_svz_zeisel_sccortex_ref_shared10000,cross_platform,4,stAI,raw_identity,${FORMAL_RUN_ROOT}/baselines/stAI/seqFISH_plus_cortex_svz_zeisel_sccortex_ref_shared10000/fold4/imputed_expression.npy,3f160e7094115dbb974366c9b9f2a795a7b9bf3f232edc0e924fe97bbae2674a,2000,1.0,0.27450529989690775,1.2743952437469395,0.38347181912252004,0.07733011939670686
