dataset,dataset_id,role,fold,train_gene_count,validation_gene_count,test_gene_count,train_mask_path,train_mask_sha256,val_mask_path,val_mask_sha256,test_mask_path,test_mask_sha256,raw_counts_sha256,scrna_counts_sha256,locations_sha256,mode_a_split_sha256,full_truth_sha256,normalization_audit_sha256,normalization_policy,artifact_manifest_sha256
Vis9A,Vis9A_D7_spaim_effective4470,Primary,0,2861,715,894,frozen_splits/primary/Vis9A_D7_spaim_effective4470/gene_index_masks/fold0_train_gene_idx.npy,f3a1c16b35f56a534b109ced9d72a17e056c8cfd84d141203f5f02c58645329a,frozen_splits/primary/Vis9A_D7_spaim_effective4470/gene_index_masks/fold0_val_gene_idx.npy,10242cc536b7baf55958ecddb9a560d87e64d1a0772a6c0f08d88f0a886d8644,frozen_splits/primary/Vis9A_D7_spaim_effective4470/gene_index_masks/fold0_test_gene_idx.npy,7480af17ae915418113f18506d281e07455a1e057935768e13ca90d158185a03,9ad677269fc67df89648b2ac4a522ae70f9bafb4300fc9515d49e97f4fd1bf5e,18e00b36841e8a5da569be5b05e0041854b15236c73cd80925e6eb5fa3f4ddaa,3d2ff5e90a71f09d84ed5c53bf1900e088224f586001659639daaedf3481ce7c,1d7b9f0cc7f3ac6ae3b90a050926e7f3a853ea42816c2529cf1cc3bad0af89ac,3a11246c5abf1b38e73b930aef904017107514e9c46c631298275631abd88e7a,6aab420f601cbb525197131c28f542ff4508348ce694f694cb0c0788fdbbffc3,inner_train_gene_library_size_applied_to_all_columns,c82af32af5c1ccdb7a2f7ab2affeb9e69649f9dcc98589a86289c659700221b9
Vis9A,Vis9A_D7_spaim_effective4470,Primary,1,2861,715,894,frozen_splits/primary/Vis9A_D7_spaim_effective4470/gene_index_masks/fold1_train_gene_idx.npy,a313fa3424ae9537f07c50950271133408102f65620ec702f75dd114b8b88577,frozen_splits/primary/Vis9A_D7_spaim_effective4470/gene_index_masks/fold1_val_gene_idx.npy,7fa16937da45bba58d41219305e839f81b56175454ef0db94a0ae529f68e5409,frozen_splits/primary/Vis9A_D7_spaim_effective4470/gene_index_masks/fold1_test_gene_idx.npy,46c82b360e5dd491a62e06fe287cabbbb9ab55a291aff6a677d1cf559ab5e174,9ad677269fc67df89648b2ac4a522ae70f9bafb4300fc9515d49e97f4fd1bf5e,18e00b36841e8a5da569be5b05e0041854b15236c73cd80925e6eb5fa3f4ddaa,3d2ff5e90a71f09d84ed5c53bf1900e088224f586001659639daaedf3481ce7c,02511399b49b49c10da81b1193e3c55176cf2d5fc5111ee86ede04ddaf51610d,aa4afe2e140d5c6cf1b1e39083275fe8337a29b9781d2778345df6f5ad0b938d,f5cc00a973ef3acd20b8ff7bde4d49c09081da17c1ce3c15e81755df1e7a2ad3,inner_train_gene_library_size_applied_to_all_columns,d030a482c0e58855f5f46cd97e63780aecf84fa0c31aaa96f1bca12cce2e47b7
Vis9A,Vis9A_D7_spaim_effective4470,Primary,2,2861,715,894,frozen_splits/primary/Vis9A_D7_spaim_effective4470/gene_index_masks/fold2_train_gene_idx.npy,716fad7064f06c21164d208724a2430d2607f6a0a308d056fc73d0083a29ab3a,frozen_splits/primary/Vis9A_D7_spaim_effective4470/gene_index_masks/fold2_val_gene_idx.npy,d6af4a2437e5bbb53595e02be753d067346e001b9f253894f515998c19c1bcfa,frozen_splits/primary/Vis9A_D7_spaim_effective4470/gene_index_masks/fold2_test_gene_idx.npy,171131c765a7dd984b0a392ab8c32d322a7a5c01d6a97cc995e2d5c67d30140d,9ad677269fc67df89648b2ac4a522ae70f9bafb4300fc9515d49e97f4fd1bf5e,18e00b36841e8a5da569be5b05e0041854b15236c73cd80925e6eb5fa3f4ddaa,3d2ff5e90a71f09d84ed5c53bf1900e088224f586001659639daaedf3481ce7c,c04932839df5fae5c51a36d42736a796a6f97377a9515b34db77dcb6e9d2dca3,37aefd78544092b3c91928607940a65f7c8df7234104fe9af5c775a45dd5f254,a910e71f2240f8a613b26ed0f688d0a76a3498ad233da5970799f7ea70a303ce,inner_train_gene_library_size_applied_to_all_columns,ebe84d146eb3fc62995e528423b82d934630c58b701519f00cdc73b0da820f4d
Vis9A,Vis9A_D7_spaim_effective4470,Primary,3,2861,715,894,frozen_splits/primary/Vis9A_D7_spaim_effective4470/gene_index_masks/fold3_train_gene_idx.npy,d1a740dee74f81000d26555bc50f537d8fcb7bddcaeab61632bde6497e1390ce,frozen_splits/primary/Vis9A_D7_spaim_effective4470/gene_index_masks/fold3_val_gene_idx.npy,37684f98f14b15f246da067cae7bf06fc0c704aa468fc31536c34de5e1cfcf3f,frozen_splits/primary/Vis9A_D7_spaim_effective4470/gene_index_masks/fold3_test_gene_idx.npy,d55ef121d713cd02df05b594f535b51173615252a8f9a6e67d2b6cd966f3a48f,9ad677269fc67df89648b2ac4a522ae70f9bafb4300fc9515d49e97f4fd1bf5e,18e00b36841e8a5da569be5b05e0041854b15236c73cd80925e6eb5fa3f4ddaa,3d2ff5e90a71f09d84ed5c53bf1900e088224f586001659639daaedf3481ce7c,4d0709ac89e838520a486f2694203a7f6223173a3454b02f7573a4a573d5d021,0db25ee1c3756010c628f55c835c7affc4c0435be50815f94694dbc969e52004,54bf58c6c4212a3396d526da2590cc60da90604110ec1cbe43905b9a3330f083,inner_train_gene_library_size_applied_to_all_columns,a7cd04713872a3010cf078a09f97ed77225323a7218bc2669ff19c98598f9250
Vis9A,Vis9A_D7_spaim_effective4470,Primary,4,2861,715,894,frozen_splits/primary/Vis9A_D7_spaim_effective4470/gene_index_masks/fold4_train_gene_idx.npy,0da07dfc5b528133dddbd3fe9ddbf9b282b61034b19ab5f4de7b9ca96f6c2f1c,frozen_splits/primary/Vis9A_D7_spaim_effective4470/gene_index_masks/fold4_val_gene_idx.npy,2a53191f7351d8e88a4869f602852bcc1323835a717f178dfe86a051eebb1b8c,frozen_splits/primary/Vis9A_D7_spaim_effective4470/gene_index_masks/fold4_test_gene_idx.npy,1c103fefb542a56adead736a68e00112100b512663b8d80695177b5aac4244a0,9ad677269fc67df89648b2ac4a522ae70f9bafb4300fc9515d49e97f4fd1bf5e,18e00b36841e8a5da569be5b05e0041854b15236c73cd80925e6eb5fa3f4ddaa,3d2ff5e90a71f09d84ed5c53bf1900e088224f586001659639daaedf3481ce7c,538ea182685b3f7deb02d3be2a33fe44e5e3b3f9c9f5ee9eca5a9173744c49c4,dff0a435cc3e6bd29774484272a240cd69c35056baf7e752e762f09a1a2cdb84,7a25c2cf57b789e210496835bfeb374c1f9d55f89facdd7d4e6cb289c4ae9d46,inner_train_gene_library_size_applied_to_all_columns,f6f71161b571060557bb7ad73dd9688a46ca58f5903e21bde53a01022217a1b9
HBC,HBC_shared16112,Primary,0,10311,2578,3223,frozen_splits/primary/HBC_shared16112/gene_index_masks/fold0_train_gene_idx.npy,ef83fab615edb32ce9bdae91286943e023e38ae1f7e97b8d48274757fb37f562,frozen_splits/primary/HBC_shared16112/gene_index_masks/fold0_val_gene_idx.npy,76af4f9935024e2ac1fd6186c7e99cf5c01d56ca5fcc023d47497d9581c10874,frozen_splits/primary/HBC_shared16112/gene_index_masks/fold0_test_gene_idx.npy,a3f4969b2064f41c0446caa29c91b0a0bd97fba5a7bb664ac4176083afeb2f85,99b3725d9f95cfa74f78f928df5670db51e6ac10157093e61768f93ec44c911c,5dbc613e4298e8d83512b4ea4b2ceb71608b3e630e71a85027f4a0c387322af1,9bd804691f3d63240f50e3bf025b05feb5190a60fdd73d7d61c2e5519e4fbaf6,60b4a51ec44d5cf945e744835966242f226b83432eaea5b58ada8085127ac332,67bc6c4dcaee2645fcfdee4cbb6ae8e57acf26098b304b31ae2015a2f4b3669e,46a2f024a625c23810f24f709b573ebd00933c19205c34480b09c60575d34a9a,inner_train_gene_library_size_applied_to_all_columns,cdc0b4e61da0fa13bcf385757d668db7b688f72faa60a8999d00fae89c00ac44
HBC,HBC_shared16112,Primary,1,10311,2578,3223,frozen_splits/primary/HBC_shared16112/gene_index_masks/fold1_train_gene_idx.npy,6e62bbad175f2aaa6df1e9bb647e7adcdeadc72591877ab28245dcbff0363b30,frozen_splits/primary/HBC_shared16112/gene_index_masks/fold1_val_gene_idx.npy,a360b611bda06d9e4cc17925d9e0e1215cdc6989f2b6546ba1020b48ff8867a4,frozen_splits/primary/HBC_shared16112/gene_index_masks/fold1_test_gene_idx.npy,89d348c106fe410e5bd6f85aff16a978bd38b4406b96ed490b0f54c877a22d06,99b3725d9f95cfa74f78f928df5670db51e6ac10157093e61768f93ec44c911c,5dbc613e4298e8d83512b4ea4b2ceb71608b3e630e71a85027f4a0c387322af1,9bd804691f3d63240f50e3bf025b05feb5190a60fdd73d7d61c2e5519e4fbaf6,b70aa1ecdffc2713a0c0219e7c6212f306979b68e2420672866083c2c2c43ec1,860689a1e14fd0a96636b5acd46f80ab29abb16c129973f9015cec89f853a952,df0955d3b97233ceb71e203fcb560ff69d1984a2a2c4b3ca752fccdb5604e1ea,inner_train_gene_library_size_applied_to_all_columns,0c39b85e13e8767461ab7b767835dd9ac3bec852c034498c46e42021cd3ad1a0
HBC,HBC_shared16112,Primary,2,10312,2578,3222,frozen_splits/primary/HBC_shared16112/gene_index_masks/fold2_train_gene_idx.npy,5615efb74616d0c80e8435991868790245143020fc88e691e677355667146182,frozen_splits/primary/HBC_shared16112/gene_index_masks/fold2_val_gene_idx.npy,cd66c3485da98b37730a74b6241945037566355ecfdb478262f3db6fd5fcd041,frozen_splits/primary/HBC_shared16112/gene_index_masks/fold2_test_gene_idx.npy,c3be12018dc6417829a992c180042316326aa1dee1f67df43376122d443c03dc,99b3725d9f95cfa74f78f928df5670db51e6ac10157093e61768f93ec44c911c,5dbc613e4298e8d83512b4ea4b2ceb71608b3e630e71a85027f4a0c387322af1,9bd804691f3d63240f50e3bf025b05feb5190a60fdd73d7d61c2e5519e4fbaf6,8d6b6c0fc8760daae4d4898b2e99c6e9d2e0ef7d016720186253954bdd4eae7f,abeea211297dabb41ef289bea12e5b121b2a39a95774dc5091d723b3fe2b961f,2c110806887ebf591f77235549a991650173aab0438a274e629d59f95fb89d04,inner_train_gene_library_size_applied_to_all_columns,28a271fdc9ab94d9d6bbcbc3209839af155dc5a8f4e667af726275bd3433fe8e
HBC,HBC_shared16112,Primary,3,10312,2578,3222,frozen_splits/primary/HBC_shared16112/gene_index_masks/fold3_train_gene_idx.npy,9c7f0f0dfe9faea0e5c51061770d4b0f803b1cf356e515f5c0a80da7b27fd241,frozen_splits/primary/HBC_shared16112/gene_index_masks/fold3_val_gene_idx.npy,8087243cdb7b39691bdcc01fc15801c95fdcb9dec09222e50eab655048232c36,frozen_splits/primary/HBC_shared16112/gene_index_masks/fold3_test_gene_idx.npy,93256c82c034aaac186c28bd21d97e512d6827d756c1e1e95c1fa85812282c32,99b3725d9f95cfa74f78f928df5670db51e6ac10157093e61768f93ec44c911c,5dbc613e4298e8d83512b4ea4b2ceb71608b3e630e71a85027f4a0c387322af1,9bd804691f3d63240f50e3bf025b05feb5190a60fdd73d7d61c2e5519e4fbaf6,985462a41f207cd59c1e17d022b23942a28132b8e9ae6a383b1b3cf6b8a003fd,a4241d1df1d2d1049162f3c8e02279a61e0cb33463874bf2be4dcbb77beba88f,cc156aff85ce2fabd3fe65b476f6e4201b1b7f06acc22fde0e733bea66be2a86,inner_train_gene_library_size_applied_to_all_columns,88c8d61dc5290ac2c54f8d1709af1e4770594e63513639860f1de0eb7ab10460
HBC,HBC_shared16112,Primary,4,10312,2578,3222,frozen_splits/primary/HBC_shared16112/gene_index_masks/fold4_train_gene_idx.npy,49d83a99de196efa3c7e88b1a6d9273297f2353ce77ce82098a58f7e174a4b41,frozen_splits/primary/HBC_shared16112/gene_index_masks/fold4_val_gene_idx.npy,e14a2a75568077bd2411444d4cfc8f92b7bee577016a75c237de095a7922c328,frozen_splits/primary/HBC_shared16112/gene_index_masks/fold4_test_gene_idx.npy,e1c31c594a974e5f60b55ac5c075aa29b463436e11c5fb1f9762ce7f9b0f78ae,99b3725d9f95cfa74f78f928df5670db51e6ac10157093e61768f93ec44c911c,5dbc613e4298e8d83512b4ea4b2ceb71608b3e630e71a85027f4a0c387322af1,9bd804691f3d63240f50e3bf025b05feb5190a60fdd73d7d61c2e5519e4fbaf6,d50020a740ea5e7a2ae6535ae439a6c3cff009e35fe0ff94b6032d80871a06ef,b35a87f9824c9337de55069349d17042317b2f071317abe2acd6be8476771558,5b9d521f5480f415bee28075f980ec8da5143c8877a48522a2bb9336318853ff,inner_train_gene_library_size_applied_to_all_columns,70191dc06327bbad39e91af29a2bfc56f5500f138b558163b7e49f07e73054bb
Cell2location,Cell2location_mouse_brain_ST8059048_shared12819,Primary,0,8204,2051,2564,frozen_splits/primary/Cell2location_mouse_brain_ST8059048_shared12819/gene_index_masks/fold0_train_gene_idx.npy,8be16e884c5f68f03a6fb475dc8299852e76f195ca05fb177189a01317f510ed,frozen_splits/primary/Cell2location_mouse_brain_ST8059048_shared12819/gene_index_masks/fold0_val_gene_idx.npy,33ac1c5e8b36e2610ec33736f195b6999892ed5d10145c5f34ac647d4f36fcb4,frozen_splits/primary/Cell2location_mouse_brain_ST8059048_shared12819/gene_index_masks/fold0_test_gene_idx.npy,42132cf916c0a08eee0ac52bb15ddbae937f039dad0d804ddf1b9dd549a97cd8,a2d4709640fced70150cc1107405d43a186104681177283733f04f307dcfd3aa,221a721548c9deb283b0082eccf2fb3ec6aaabf4d2e8fee68697f6b2d1aead92,eab3dc36af84c78869c35b90910ba3759c9683de18183609b3b6ad608eada493,634f1c3535e9438ad1879a2c38671f07b035ab3484cc3eb47eef171c4f296826,63b1aa26cf647e668aba91d1997d2d66abf75895ada293c16931ba780de7a946,e7d667f8d05ca799a59ad3efff7627f77d4af4039f9ef368654d917a53791a4e,inner_train_gene_library_size_applied_to_all_columns,40610728a34b79e0725be9e023a42c784de5b0179ce1c564670ddcce53790e2f
Cell2location,Cell2location_mouse_brain_ST8059048_shared12819,Primary,1,8204,2051,2564,frozen_splits/primary/Cell2location_mouse_brain_ST8059048_shared12819/gene_index_masks/fold1_train_gene_idx.npy,f6dca5be5a6b3cb7e9e4aa5929f525a7647889689a628bd343be7b52871e6541,frozen_splits/primary/Cell2location_mouse_brain_ST8059048_shared12819/gene_index_masks/fold1_val_gene_idx.npy,3be41559f2cc15da3c7c65c9638c12bd53309ca07291f9c628802d4009a9fb2e,frozen_splits/primary/Cell2location_mouse_brain_ST8059048_shared12819/gene_index_masks/fold1_test_gene_idx.npy,c93d5ceafd8a0113441c5b57ba7410060f22ab7eb635b1b4baf6890b8402eb81,a2d4709640fced70150cc1107405d43a186104681177283733f04f307dcfd3aa,221a721548c9deb283b0082eccf2fb3ec6aaabf4d2e8fee68697f6b2d1aead92,eab3dc36af84c78869c35b90910ba3759c9683de18183609b3b6ad608eada493,7c155eb566ab6911d1a8ffe009a31b702977af649098fe0669adde0a9bfdab52,211c764b8b31720d92752ecc1fe7242b0ca3c1d9d94c1b9d0ada9109b3e7a0b2,7bca4eb04b1341d931f400e59af2328d8263bab43cf6c0d8edc9ea61de677769,inner_train_gene_library_size_applied_to_all_columns,bfc817d5eb92ceaeb4244e4a213b0e29c561e134146664374cb4c7426944a0b0
Cell2location,Cell2location_mouse_brain_ST8059048_shared12819,Primary,2,8204,2051,2564,frozen_splits/primary/Cell2location_mouse_brain_ST8059048_shared12819/gene_index_masks/fold2_train_gene_idx.npy,3b1d1818321bb1aad27509a350d0d0f4236b98ab1907a6ae09ecca0423d2259b,frozen_splits/primary/Cell2location_mouse_brain_ST8059048_shared12819/gene_index_masks/fold2_val_gene_idx.npy,7721049aa7985f166194f9815e2072dcc66d56def574ce6922057026da582c1c,frozen_splits/primary/Cell2location_mouse_brain_ST8059048_shared12819/gene_index_masks/fold2_test_gene_idx.npy,388b0c2f32a30a09cd51e187b80065e4362646d4a53ba443db77cbf7f93849fe,a2d4709640fced70150cc1107405d43a186104681177283733f04f307dcfd3aa,221a721548c9deb283b0082eccf2fb3ec6aaabf4d2e8fee68697f6b2d1aead92,eab3dc36af84c78869c35b90910ba3759c9683de18183609b3b6ad608eada493,998403db62d39d97ed639ce13fcc7bc91fc4a316a538473324015f66a0bf8358,3b0e2662c1d22b0cfd15d5b39fae3efd41f78474f4665d4d32bd1eb944d96683,09aedd7973a86ad09492103c9b1e1be95a6a0603296a8dd7df596fdb4f015a01,inner_train_gene_library_size_applied_to_all_columns,afd167750ede69502aa1f985e9f48b372a8ca60cb0ea074b635f877f1481863e
Cell2location,Cell2location_mouse_brain_ST8059048_shared12819,Primary,3,8204,2051,2564,frozen_splits/primary/Cell2location_mouse_brain_ST8059048_shared12819/gene_index_masks/fold3_train_gene_idx.npy,64626541e38ccc7934d048bf78aca7d206cedec5c245492d4a4e9f90d279bd51,frozen_splits/primary/Cell2location_mouse_brain_ST8059048_shared12819/gene_index_masks/fold3_val_gene_idx.npy,087c62d320d0fc959472bab977f31c2ad218ecd12a29a42774d0da150fee820e,frozen_splits/primary/Cell2location_mouse_brain_ST8059048_shared12819/gene_index_masks/fold3_test_gene_idx.npy,bf93b7e05806eb237fb160017302819f4014b724aa0cf5cc93b97e6126b7c19d,a2d4709640fced70150cc1107405d43a186104681177283733f04f307dcfd3aa,221a721548c9deb283b0082eccf2fb3ec6aaabf4d2e8fee68697f6b2d1aead92,eab3dc36af84c78869c35b90910ba3759c9683de18183609b3b6ad608eada493,82cce129837de0e359330876653d2cc493ec12ffc5bbdc9bcdb91a1a7df93bf2,5a7e11b1bb3fe269e3476bed753e956cbb1371776615ef664b19cbe79909102d,71ee35ebafc13765c0ce804406d46fc3843470b87435a93aa041f063c230ecad,inner_train_gene_library_size_applied_to_all_columns,be20f06d7e7af64e9a5238a8ecd1aaed7160fa72c741d24bebe7187f2ac02865
Cell2location,Cell2location_mouse_brain_ST8059048_shared12819,Primary,4,8205,2051,2563,frozen_splits/primary/Cell2location_mouse_brain_ST8059048_shared12819/gene_index_masks/fold4_train_gene_idx.npy,cbfd99ddf09fc04cdd459900188deebf6aa01fb6772593727f2ff5fc584e637c,frozen_splits/primary/Cell2location_mouse_brain_ST8059048_shared12819/gene_index_masks/fold4_val_gene_idx.npy,c7b76f6a2f506710a748a0a3a82d9f5a0cda55969fbdb712f1aa6fc562c45645,frozen_splits/primary/Cell2location_mouse_brain_ST8059048_shared12819/gene_index_masks/fold4_test_gene_idx.npy,9e94e2499f4429b3086b9be011fd8b5ba1762f33507e11202bd4d64e0ae69f73,a2d4709640fced70150cc1107405d43a186104681177283733f04f307dcfd3aa,221a721548c9deb283b0082eccf2fb3ec6aaabf4d2e8fee68697f6b2d1aead92,eab3dc36af84c78869c35b90910ba3759c9683de18183609b3b6ad608eada493,1ae70423053df527fa97794ed9bce2eb2ac29cb6867d25f1cedbae04af211104,13b4ee0592c0154b09370a0198e16c6b4a15e8cb6dab02fcac4e08ac7cb5f261,c8c58aeefb803a6e36f813c64ae563445ed092ab2b2cbaaf7db08bfa6b70690c,inner_train_gene_library_size_applied_to_all_columns,5762f199ef5320034ea1f1d71fe528533a6b3523f2337ce2b3b9337482bc4139
seqFISH+,seqFISH_plus_cortex_svz_zeisel_sccortex_ref_shared10000,Cross-platform,0,6400,1600,2000,frozen_splits/cross_platform/seqFISH_plus_cortex_svz_zeisel_sccortex_ref_shared10000/gene_index_masks/fold0_train_gene_idx.npy,b2ad4978edd6130f418f6aa7403d688913ee07e7b0c34dcc87dbf893095dbbd2,frozen_splits/cross_platform/seqFISH_plus_cortex_svz_zeisel_sccortex_ref_shared10000/gene_index_masks/fold0_val_gene_idx.npy,1c4ab9ed33a900017d2f212b926eaca897818e638ba01c89afd5b9d6d5f90edd,frozen_splits/cross_platform/seqFISH_plus_cortex_svz_zeisel_sccortex_ref_shared10000/gene_index_masks/fold0_test_gene_idx.npy,84d41e5e87e846e03b5e2e539dd91adac3de8b4c71f35596b0ba46a4d6233315,6bd823b884e687daffdeab922e9b61213175d7893869336520e3e35494c5a906,5a94e6fa9186991093927781016e1cbc476033b4a08df75e664469ef970b723e,287cd2787ec9730440efefa905fe3e89edda77ed51bd23bc19b6afc71171ba37,cb045e3bc811a61c1b62a218462754cab3a7a40a337c830a826644653f25d33d,8e463ccd1607cf2a9cf1b6d0237ed1eeda2b7881a07a18970e9e8dfa960f8319,f83c68c956498eff27beaddfa02a9759692fe24397928ec5c400f457e725c38c,inner_train_gene_library_size_applied_to_all_columns,0ca001f0619f71f37a422e4fcef562a38b8cf8102ec6aa9c6cbb6e97b9cb9aac
seqFISH+,seqFISH_plus_cortex_svz_zeisel_sccortex_ref_shared10000,Cross-platform,1,6400,1600,2000,frozen_splits/cross_platform/seqFISH_plus_cortex_svz_zeisel_sccortex_ref_shared10000/gene_index_masks/fold1_train_gene_idx.npy,bed8846fbf23aa04d574197e8258194ed0eb406644630c34924faee44f0b605f,frozen_splits/cross_platform/seqFISH_plus_cortex_svz_zeisel_sccortex_ref_shared10000/gene_index_masks/fold1_val_gene_idx.npy,14d63b0fdd2e64cf0905a8bde296274845b02828ab97df80d4ec725397f0ade8,frozen_splits/cross_platform/seqFISH_plus_cortex_svz_zeisel_sccortex_ref_shared10000/gene_index_masks/fold1_test_gene_idx.npy,31685efb9bb10958637520cbf0ba3549ad94beadf820f8ae56f3349b6b738748,6bd823b884e687daffdeab922e9b61213175d7893869336520e3e35494c5a906,5a94e6fa9186991093927781016e1cbc476033b4a08df75e664469ef970b723e,287cd2787ec9730440efefa905fe3e89edda77ed51bd23bc19b6afc71171ba37,7d22895e4338e003adc3d32b4d67f0e3c3031a8b78c92f92135e8096220adc9d,016b1d352961d408a8e5e82b8de6bb936a2b987eb26fe12b550e7eedc565146d,2b6cf2e83e749382e737d2d5661bb96a598e1ea5775d56b1b7a29d24e1bfd40b,inner_train_gene_library_size_applied_to_all_columns,487a53b2bc7e2a9f59c795b94c716b2f4a520864e8492142914c0c36a3a3d007
seqFISH+,seqFISH_plus_cortex_svz_zeisel_sccortex_ref_shared10000,Cross-platform,2,6400,1600,2000,frozen_splits/cross_platform/seqFISH_plus_cortex_svz_zeisel_sccortex_ref_shared10000/gene_index_masks/fold2_train_gene_idx.npy,71a3bf24740bc5f8173b29e93f872852c6eb6d1d7d6079b5bba7dec1a2079098,frozen_splits/cross_platform/seqFISH_plus_cortex_svz_zeisel_sccortex_ref_shared10000/gene_index_masks/fold2_val_gene_idx.npy,a609886100807a2a2dbed4a3938508d1655098f0799da4bd9859172200360197,frozen_splits/cross_platform/seqFISH_plus_cortex_svz_zeisel_sccortex_ref_shared10000/gene_index_masks/fold2_test_gene_idx.npy,aec0b83154264b04a0cd02ff49d39f69cacfc2f9ddc6554cecae2396a2a86c0c,6bd823b884e687daffdeab922e9b61213175d7893869336520e3e35494c5a906,5a94e6fa9186991093927781016e1cbc476033b4a08df75e664469ef970b723e,287cd2787ec9730440efefa905fe3e89edda77ed51bd23bc19b6afc71171ba37,3d2b8ef714dc855bd7aa88c46586e2326a3d307375410bc8a559db924881a2e7,c5d7af88258c1d5703bf3affe232e5d49b3883329f51f997799e0777582af8ba,dec45525627da954b820331efd8e86e900ee9b7204ca23eb4249b834fd7d6893,inner_train_gene_library_size_applied_to_all_columns,79b0dc1d84c666ba2ab8d194d4bfe147287a6a2332199b9707b8c902f2e3cbbc
seqFISH+,seqFISH_plus_cortex_svz_zeisel_sccortex_ref_shared10000,Cross-platform,3,6400,1600,2000,frozen_splits/cross_platform/seqFISH_plus_cortex_svz_zeisel_sccortex_ref_shared10000/gene_index_masks/fold3_train_gene_idx.npy,ddfdd4a99b4697a909518a689eaee963c8784a5b9beea4ff82d637284e852380,frozen_splits/cross_platform/seqFISH_plus_cortex_svz_zeisel_sccortex_ref_shared10000/gene_index_masks/fold3_val_gene_idx.npy,9157e2d56b6c07bf6fc3a9d43e4d7b4f27115d00e8027fe14fc3405fb2b4a8e8,frozen_splits/cross_platform/seqFISH_plus_cortex_svz_zeisel_sccortex_ref_shared10000/gene_index_masks/fold3_test_gene_idx.npy,95890a2ef111a8f16462b80ad7ccae8385779de9381c33198b4cf49cc1d47b7b,6bd823b884e687daffdeab922e9b61213175d7893869336520e3e35494c5a906,5a94e6fa9186991093927781016e1cbc476033b4a08df75e664469ef970b723e,287cd2787ec9730440efefa905fe3e89edda77ed51bd23bc19b6afc71171ba37,46785ea263c7fc246ddf52d9566ded0d18b0566eda4b1eedc8f11e98a2550b1a,62182b47fae3eeb70824ae402f9e5067d7dadd3d4ab46456892362921444cfea,f7fe5f8ef49a6013074c7c63e87d1502249a0d9565b25555cee29fae3f0f0c65,inner_train_gene_library_size_applied_to_all_columns,8cdc18c97e0150efe7acf516885475e2c43e95baa418b53b7edbec7b9cd48512
seqFISH+,seqFISH_plus_cortex_svz_zeisel_sccortex_ref_shared10000,Cross-platform,4,6400,1600,2000,frozen_splits/cross_platform/seqFISH_plus_cortex_svz_zeisel_sccortex_ref_shared10000/gene_index_masks/fold4_train_gene_idx.npy,c305556e632796fb348e127005b5d77633dce2fa7d893724fa96982db3894cd1,frozen_splits/cross_platform/seqFISH_plus_cortex_svz_zeisel_sccortex_ref_shared10000/gene_index_masks/fold4_val_gene_idx.npy,7000830c73ebc687febc8ebb90fef0559cbfbb6457044da694aa50f33c464c04,frozen_splits/cross_platform/seqFISH_plus_cortex_svz_zeisel_sccortex_ref_shared10000/gene_index_masks/fold4_test_gene_idx.npy,8cfabe5f497843bf4ff26af39080dc531cc9d86f1c715fb78fe0d49287048b71,6bd823b884e687daffdeab922e9b61213175d7893869336520e3e35494c5a906,5a94e6fa9186991093927781016e1cbc476033b4a08df75e664469ef970b723e,287cd2787ec9730440efefa905fe3e89edda77ed51bd23bc19b6afc71171ba37,cc899aaa12110524d0a323bf75cb39702f2642e8c540cb6fed3b24954e99fdc1,3159c324c441d43291acee02c850b987a711e3019bf5c8826b10715049d0d10f,c27d0210ab74696ba2e42bc26ff6a47aa7b372b1c7af9c133d256e6edc4e1c7a,inner_train_gene_library_size_applied_to_all_columns,ac82bc503c25721c5f1a13516abd7bc3b1de088974e7601f658e0622f67ba1cf
MHPR,MHPR_current_panel,Cross-platform,0,98,25,31,frozen_splits/cross_platform/MHPR_current_panel/gene_index_masks/fold0_train_gene_idx.npy,036cf336ecd09358235b422277280bb5af2ef8c6b8150a3d2cbd256c3c8e3cd7,frozen_splits/cross_platform/MHPR_current_panel/gene_index_masks/fold0_val_gene_idx.npy,d1f5df6226611de08ef70f86e141417a7813b9cfa1aea08cd70599a1a6873af8,frozen_splits/cross_platform/MHPR_current_panel/gene_index_masks/fold0_test_gene_idx.npy,ed629707929131f4452d80ef755d61748a77eca26575ffab67975613a82acee2,beb9a5b856f78994cf87ea6e2bdf77cd279784cc51517fe0b2c2dcf15ca2eb5b,31b46a9374c8d57e1d0e17f4b3af7a4f7adffb69008c4766ca69b242cbab35fc,cfa373ae43d4de1089aad5c4dddfd41ddf0199ad4b1402c0c587d34733267d49,546e9fa5252b0e587380f8bd7ef0be534a7d33c08ffd64f132b4369dc1ede145,38cb732058e19ec34b293a958d5c74d98c5846b26ed72c630500d83d4481e03b,429f1ad001fdcadd731b7715763910ec752dba1c652fe86530d0f87aa687a112,inner_train_gene_library_size_applied_to_all_columns,4b469f501cabc8b1f5e8da3f8fb44da70f312ed5346d4345d39d70802c5966ec
MHPR,MHPR_current_panel,Cross-platform,1,98,25,31,frozen_splits/cross_platform/MHPR_current_panel/gene_index_masks/fold1_train_gene_idx.npy,66647b4201235c7b617440f8db9d692294860c6329ebcbee5be7f3814d2afcad,frozen_splits/cross_platform/MHPR_current_panel/gene_index_masks/fold1_val_gene_idx.npy,8d4cd1eab34edcd141c4f91b151cc22825e8305d3dfd2ed1f2ffd6cd7df6cfde,frozen_splits/cross_platform/MHPR_current_panel/gene_index_masks/fold1_test_gene_idx.npy,9e4ad9b4be9a7f00c6282edfe62bd299d16fdded750f44204f0fadbfddc53e79,beb9a5b856f78994cf87ea6e2bdf77cd279784cc51517fe0b2c2dcf15ca2eb5b,31b46a9374c8d57e1d0e17f4b3af7a4f7adffb69008c4766ca69b242cbab35fc,cfa373ae43d4de1089aad5c4dddfd41ddf0199ad4b1402c0c587d34733267d49,17bc9e2f475e50d841a80fa355669b49a3e157169e8e0b7daec4a3d038bce98b,456c6e215b7980710c21f41b27d8dcf3664ea21cbd286211b2f956f585e6cdeb,c095e3bbedf760698fe5815596cd40c12db24760ee2fec2777f5bc54c70525ae,inner_train_gene_library_size_applied_to_all_columns,89f6d28a0820d0f9e03b26f4cbdb5806c690a1e660ad4b7776434070a488728f
MHPR,MHPR_current_panel,Cross-platform,2,98,25,31,frozen_splits/cross_platform/MHPR_current_panel/gene_index_masks/fold2_train_gene_idx.npy,dbe544ae48f8e2cb64e05d3c7c309d66b0b7537f0fa55c7bb2b02ad4b50501c6,frozen_splits/cross_platform/MHPR_current_panel/gene_index_masks/fold2_val_gene_idx.npy,2d273bf06f4078fdea1e259f1c801b2ef4318606b47cc65b5870ff21fa72a804,frozen_splits/cross_platform/MHPR_current_panel/gene_index_masks/fold2_test_gene_idx.npy,a0b1a4dbe6006bc6b05e566f3eaba86d949fa267e8d1b826c85c679aef3547ea,beb9a5b856f78994cf87ea6e2bdf77cd279784cc51517fe0b2c2dcf15ca2eb5b,31b46a9374c8d57e1d0e17f4b3af7a4f7adffb69008c4766ca69b242cbab35fc,cfa373ae43d4de1089aad5c4dddfd41ddf0199ad4b1402c0c587d34733267d49,8e2936e823c96c5a0410cda900c15f779a06bb4df0b0f602c35a2cea1838aad9,9dd20aaee7081ff63957eb289434284a8028c1d42ad46bbc788cb022faad3ba5,6448fd51b6dffe9adafb987898da939e2ad7978e7a273a6260724878001851be,inner_train_gene_library_size_applied_to_all_columns,5d521000d1a9fea077372e62305d9cdcec6781d9ef679f9b967aa636d036958e
MHPR,MHPR_current_panel,Cross-platform,3,98,25,31,frozen_splits/cross_platform/MHPR_current_panel/gene_index_masks/fold3_train_gene_idx.npy,819813850a652c4b813fe01a87a7759eeb7d8d3a8085f391bdd6cc38d13aff7b,frozen_splits/cross_platform/MHPR_current_panel/gene_index_masks/fold3_val_gene_idx.npy,34c1c41e981eab9baf313ba78926c91ca3f464ba230c9f5d418be25662ba257c,frozen_splits/cross_platform/MHPR_current_panel/gene_index_masks/fold3_test_gene_idx.npy,775f645deb4c9cffbc40b89fbb373d3472fedd26d806b37ed0317e971c1ed562,beb9a5b856f78994cf87ea6e2bdf77cd279784cc51517fe0b2c2dcf15ca2eb5b,31b46a9374c8d57e1d0e17f4b3af7a4f7adffb69008c4766ca69b242cbab35fc,cfa373ae43d4de1089aad5c4dddfd41ddf0199ad4b1402c0c587d34733267d49,c13b108eaef5aabd624ba9e8421387404fd8d97742c5674dd67b3ebde43059ba,5a3df11e9859826cb0ce9080bad669e9c73e413740768596e751005c43161eea,330f85f0d420676352cd84a7772332ebee59fd3eccec6935ee13308c775152c0,inner_train_gene_library_size_applied_to_all_columns,5379004517cd8b52e683e31db44e59c3be06f3dc2cc36c84d34814647f6b6e01
MHPR,MHPR_current_panel,Cross-platform,4,99,25,30,frozen_splits/cross_platform/MHPR_current_panel/gene_index_masks/fold4_train_gene_idx.npy,630ab6844acb9b1628fa1acd63862d762f3a5c4858ef1bc878326eaa49195720,frozen_splits/cross_platform/MHPR_current_panel/gene_index_masks/fold4_val_gene_idx.npy,36e94f14a52ba7072ec3577607a028380bad125ec0cd9abfc43b5a4f0d5b72ca,frozen_splits/cross_platform/MHPR_current_panel/gene_index_masks/fold4_test_gene_idx.npy,9ceb30ff0c22706badf408211040c79a2c82c4452de521c612e447bf74c97224,beb9a5b856f78994cf87ea6e2bdf77cd279784cc51517fe0b2c2dcf15ca2eb5b,31b46a9374c8d57e1d0e17f4b3af7a4f7adffb69008c4766ca69b242cbab35fc,cfa373ae43d4de1089aad5c4dddfd41ddf0199ad4b1402c0c587d34733267d49,149b9a49dd72f0a0e67c7b1acdefba09709f616121411e575fa1be8b71a3c102,4d6200a08e45334f89e882e48fcb35ec72c598f8f7c6ada5376b634b30b54f05,01eda253cff5b17ab6f021ebf98492f299710e06db5e58cfc40c71460d6489e3,inner_train_gene_library_size_applied_to_all_columns,cc166e8c4e2410d3ad96a722eae5e774ce4c54dda2099caa335a82f1928dae62
MVC,MVC_shared981,Cross-platform,0,627,157,197,frozen_splits/cross_platform/MVC_shared981/gene_index_masks/fold0_train_gene_idx.npy,e13b4d402b33f67b774da78162302debfa455b61fe6f86b9733abc5c7e5dda84,frozen_splits/cross_platform/MVC_shared981/gene_index_masks/fold0_val_gene_idx.npy,2a0a247d83976ba2e1030bd5c96a487d966e7297f0ee11522805130e226afd87,frozen_splits/cross_platform/MVC_shared981/gene_index_masks/fold0_test_gene_idx.npy,916ab1d647e32b41b01ac7378b786d14930caad2df261690d515184b17938a3a,2a9de121a9fb74f573efbc1a0f2f1d60d55f0bb2fb0445cc1e5f5f1d6f9512e3,985ee360279b4e71375d31a8cb59cb481b2f6c38ed726bcf81caedb03b5630cd,c9eba380b56449bc4d552740e14d5fe7b6d8d7f20115268823c39bea54980515,eafdb929c85aed9d41f4ceb45b49a813952de99f47d2eb63fd46173e4166a3a4,9b12a3b0c416e8dcdb8f8ab95fa1a33e5c73b810221fe3235efe4b15175832a5,8a18058e44c63961846b639852595ff53f205352fe240c6f3901ee1973d8454f,inner_train_gene_library_size_applied_to_all_columns,0407231a1371773ac278055e1fd36920bb19a219937f1f0379b9ddb905d7d14e
MVC,MVC_shared981,Cross-platform,1,628,157,196,frozen_splits/cross_platform/MVC_shared981/gene_index_masks/fold1_train_gene_idx.npy,7ff1afb47d001e939ddd56828d0d1f40961ed9511c91df3bfbf78ece89f7bccc,frozen_splits/cross_platform/MVC_shared981/gene_index_masks/fold1_val_gene_idx.npy,ff6362879a8601a45c7d9fd2faa475bc851dd64b083cc858bca5ccca7ca90236,frozen_splits/cross_platform/MVC_shared981/gene_index_masks/fold1_test_gene_idx.npy,3423d7211f569b0bdddae7695cf2833f98b0c917d3a589878cc18667c01471b3,2a9de121a9fb74f573efbc1a0f2f1d60d55f0bb2fb0445cc1e5f5f1d6f9512e3,985ee360279b4e71375d31a8cb59cb481b2f6c38ed726bcf81caedb03b5630cd,c9eba380b56449bc4d552740e14d5fe7b6d8d7f20115268823c39bea54980515,74472586da4fe6c24e9feb6f5e5a676193d2a26831d19d6a7122657ea80295f9,f33198fd5c6e08c29b3ce1ec8f4aa0f3577fe421f42a67f54fbd0c7c222b5bc5,df016b696777c503253df6184525995ed2173d52ecf28234c8b8dbff672f2f3c,inner_train_gene_library_size_applied_to_all_columns,db4dedc123fd234c238af54be2adae849312aa9d6132d03c857d4cae9f42d944
MVC,MVC_shared981,Cross-platform,2,628,157,196,frozen_splits/cross_platform/MVC_shared981/gene_index_masks/fold2_train_gene_idx.npy,dcae22805ae8d084c08e4fa95ea82ab517e79ee10dbc3eb14dd0042fae23e5ef,frozen_splits/cross_platform/MVC_shared981/gene_index_masks/fold2_val_gene_idx.npy,24a87ab148fbc9e0de303e7fc7a82a2752c43c5fbc6232ed7a91676389ea54f2,frozen_splits/cross_platform/MVC_shared981/gene_index_masks/fold2_test_gene_idx.npy,e01d4b5485642bc8ad58adc78bdf5aa9b16bb30436239fa8544d9a87b5c534a2,2a9de121a9fb74f573efbc1a0f2f1d60d55f0bb2fb0445cc1e5f5f1d6f9512e3,985ee360279b4e71375d31a8cb59cb481b2f6c38ed726bcf81caedb03b5630cd,c9eba380b56449bc4d552740e14d5fe7b6d8d7f20115268823c39bea54980515,ebafada13ea8ce2befa04722f048500b125319c8172820998cb4e436b9355be0,2039b75f546ff3145b30634595b7c8dfa26579c986b8c68a6ef11e37e6599783,b40548750c30126227b0d435d13dcb5e58b533fca3aa2ab5900d5774fb94615e,inner_train_gene_library_size_applied_to_all_columns,c9340007f178488ca60b7b059ebbeb1b5357e862dcdcb07c19d968489bae236b
MVC,MVC_shared981,Cross-platform,3,628,157,196,frozen_splits/cross_platform/MVC_shared981/gene_index_masks/fold3_train_gene_idx.npy,1425084c4e7c845519523e37036bc42b8ac9533da9a30ff5be6f62c843752b4d,frozen_splits/cross_platform/MVC_shared981/gene_index_masks/fold3_val_gene_idx.npy,6957a76ea40579faed88b4cad0a816f7c9fba7a80614fa5dda9f27a79a70a8f2,frozen_splits/cross_platform/MVC_shared981/gene_index_masks/fold3_test_gene_idx.npy,f1dce41e4d6bb34c4bca4028c3ea2f443e81f5fe92c8d43df8a5c96b2f15af0b,2a9de121a9fb74f573efbc1a0f2f1d60d55f0bb2fb0445cc1e5f5f1d6f9512e3,985ee360279b4e71375d31a8cb59cb481b2f6c38ed726bcf81caedb03b5630cd,c9eba380b56449bc4d552740e14d5fe7b6d8d7f20115268823c39bea54980515,c0284e0156d126afe5c1a99a4d1a13fa1fac2b6b9273a65296fc661de2a4a0d0,a9444cf3975bcf78b37fb9f14e716be9c179942efaa75a108ac1442efdd9e31e,5d96315137f15b4da7b04ce0351960d3d24353e1217fa640b324a046a789938d,inner_train_gene_library_size_applied_to_all_columns,59f80e474e54fc9ff5d2ab3b4aebe1a81213f0c9bc4c4f5da5f1156d6522dc19
MVC,MVC_shared981,Cross-platform,4,628,157,196,frozen_splits/cross_platform/MVC_shared981/gene_index_masks/fold4_train_gene_idx.npy,4033983f2ebfe1a743129465918c9e575599898d94de129644e64e6a4167f8ca,frozen_splits/cross_platform/MVC_shared981/gene_index_masks/fold4_val_gene_idx.npy,5f93037186dbc03f636483499c304460dccbe25aecef666deb54237401207720,frozen_splits/cross_platform/MVC_shared981/gene_index_masks/fold4_test_gene_idx.npy,03481dabac99695db06f0d68c14912b633aff92de7253fbb5f4f5c94759e77d2,2a9de121a9fb74f573efbc1a0f2f1d60d55f0bb2fb0445cc1e5f5f1d6f9512e3,985ee360279b4e71375d31a8cb59cb481b2f6c38ed726bcf81caedb03b5630cd,c9eba380b56449bc4d552740e14d5fe7b6d8d7f20115268823c39bea54980515,d72eedc186e5aec7878a4243a918894049c5bc0a2dc89363a65fd87256f579f3,097326840dfea659b8dff5f0a69db98ee5ffa4a1e28546f04548124cc6825aa6,17d301da3fe1b9a05de654770665d9af6f357131fb027bf01c5323f3538e018c,inner_train_gene_library_size_applied_to_all_columns,3ba3e28c8bd22e726b42630825840bc06d7681273b64bf2673af2bb7480fb445
