dataset,dataset_id,role,fold,method,candidate_count,selected_calibration,feature_kind,model_kind,target_mode,alpha,selection_rule,guard_pass,seed,test_prediction_accessed_before_lock,test_truth_accessed_before_lock,source_selection_lock_sha256,public_selection_lock_path,public_selection_lock_sha256,candidate_table_path
Cell2location,Cell2location_mouse_brain_ST8059048_shared12819,primary,0,GeneSPT,57,pca32_nmf32_ridge_mean_only_alpha10,pca32_nmf32,ridge,mean_only,10.0,maximum_validation_SSIM_subject_to_guards_then_raw_tie_score,True,42,False,False,b5756b28c57fea1088745b0f82cb8c0c6265bd35b9c3d7595926f3e7befb360b,protocol_a_reproducibility/readout_selections/Cell2location_mouse_brain_ST8059048_shared12819/fold0/selection_lock_public.json,d54a1c97f46940b7e78afb46a5daefe5a8ddd7abb0f0b5cdf8da23f144e52eec,protocol_a_reproducibility/readout_selections/Cell2location_mouse_brain_ST8059048_shared12819/fold0/GeneSPT/validation_candidates.csv
Cell2location,Cell2location_mouse_brain_ST8059048_shared12819,primary,0,GeneSPT-GC,57,pca32_nmf32_ridge_affine_alpha1,pca32_nmf32,ridge,affine,1.0,maximum_validation_SSIM_subject_to_guards_then_raw_tie_score,True,42,False,False,b5756b28c57fea1088745b0f82cb8c0c6265bd35b9c3d7595926f3e7befb360b,protocol_a_reproducibility/readout_selections/Cell2location_mouse_brain_ST8059048_shared12819/fold0/selection_lock_public.json,d54a1c97f46940b7e78afb46a5daefe5a8ddd7abb0f0b5cdf8da23f144e52eec,protocol_a_reproducibility/readout_selections/Cell2location_mouse_brain_ST8059048_shared12819/fold0/GeneSPT-GC/validation_candidates.csv
Cell2location,Cell2location_mouse_brain_ST8059048_shared12819,primary,1,GeneSPT,57,global_affine,,,,,maximum_validation_SSIM_subject_to_guards_then_raw_tie_score,True,42,False,False,d9db00e25dab7a0ab02d145f8fd5458b81b2ea8e0bdaa53886a4a3683a24a174,protocol_a_reproducibility/readout_selections/Cell2location_mouse_brain_ST8059048_shared12819/fold1/selection_lock_public.json,a05f399c6c524ace16d687403a8306b9f1725b80cd9e6e381ca2fac3aa96282b,protocol_a_reproducibility/readout_selections/Cell2location_mouse_brain_ST8059048_shared12819/fold1/GeneSPT/validation_candidates.csv
Cell2location,Cell2location_mouse_brain_ST8059048_shared12819,primary,1,GeneSPT-GC,57,nmf32_elasticnet_affine_alpha0.01,nmf32,elasticnet,affine,0.01,maximum_validation_SSIM_subject_to_guards_then_raw_tie_score,True,42,False,False,d9db00e25dab7a0ab02d145f8fd5458b81b2ea8e0bdaa53886a4a3683a24a174,protocol_a_reproducibility/readout_selections/Cell2location_mouse_brain_ST8059048_shared12819/fold1/selection_lock_public.json,a05f399c6c524ace16d687403a8306b9f1725b80cd9e6e381ca2fac3aa96282b,protocol_a_reproducibility/readout_selections/Cell2location_mouse_brain_ST8059048_shared12819/fold1/GeneSPT-GC/validation_candidates.csv
Cell2location,Cell2location_mouse_brain_ST8059048_shared12819,primary,2,GeneSPT,57,pca32_nmf32_elasticnet_mean_only_alpha0.01,pca32_nmf32,elasticnet,mean_only,0.01,maximum_validation_SSIM_subject_to_guards_then_raw_tie_score,True,42,False,False,023cfdb572519e3de84bac3faa1f55e55486284900a191a12046f5bd70e6316c,protocol_a_reproducibility/readout_selections/Cell2location_mouse_brain_ST8059048_shared12819/fold2/selection_lock_public.json,e3973f868186588a12e7b0b94a215ae12bcb8c24628710fb9790af083bb89efe,protocol_a_reproducibility/readout_selections/Cell2location_mouse_brain_ST8059048_shared12819/fold2/GeneSPT/validation_candidates.csv
Cell2location,Cell2location_mouse_brain_ST8059048_shared12819,primary,2,GeneSPT-GC,57,nmf32_ridge_affine_alpha100,nmf32,ridge,affine,100.0,maximum_validation_SSIM_subject_to_guards_then_raw_tie_score,True,42,False,False,023cfdb572519e3de84bac3faa1f55e55486284900a191a12046f5bd70e6316c,protocol_a_reproducibility/readout_selections/Cell2location_mouse_brain_ST8059048_shared12819/fold2/selection_lock_public.json,e3973f868186588a12e7b0b94a215ae12bcb8c24628710fb9790af083bb89efe,protocol_a_reproducibility/readout_selections/Cell2location_mouse_brain_ST8059048_shared12819/fold2/GeneSPT-GC/validation_candidates.csv
Cell2location,Cell2location_mouse_brain_ST8059048_shared12819,primary,3,GeneSPT,57,global_affine,,,,,maximum_validation_SSIM_subject_to_guards_then_raw_tie_score,True,42,False,False,548246e9607705cacf6bd6acc917475edf870b40b3f05b26bf981b4d0c309276,protocol_a_reproducibility/readout_selections/Cell2location_mouse_brain_ST8059048_shared12819/fold3/selection_lock_public.json,a517654311cef0336b38e83216fd4397b16b3479d925461e33080a7f3acf4eba,protocol_a_reproducibility/readout_selections/Cell2location_mouse_brain_ST8059048_shared12819/fold3/GeneSPT/validation_candidates.csv
Cell2location,Cell2location_mouse_brain_ST8059048_shared12819,primary,3,GeneSPT-GC,57,nmf32_ridge_affine_alpha0.1,nmf32,ridge,affine,0.1,maximum_validation_SSIM_subject_to_guards_then_raw_tie_score,True,42,False,False,548246e9607705cacf6bd6acc917475edf870b40b3f05b26bf981b4d0c309276,protocol_a_reproducibility/readout_selections/Cell2location_mouse_brain_ST8059048_shared12819/fold3/selection_lock_public.json,a517654311cef0336b38e83216fd4397b16b3479d925461e33080a7f3acf4eba,protocol_a_reproducibility/readout_selections/Cell2location_mouse_brain_ST8059048_shared12819/fold3/GeneSPT-GC/validation_candidates.csv
Cell2location,Cell2location_mouse_brain_ST8059048_shared12819,primary,4,GeneSPT,57,global_affine,,,,,maximum_validation_SSIM_subject_to_guards_then_raw_tie_score,True,42,False,False,6976df1aea4b250038f55ce608682810d688f84182a2f87ba98705921f871ace,protocol_a_reproducibility/readout_selections/Cell2location_mouse_brain_ST8059048_shared12819/fold4/selection_lock_public.json,23f0ed57399ae64315dc31215d428b056f4d19e01c118b9d4a06846ba6d34039,protocol_a_reproducibility/readout_selections/Cell2location_mouse_brain_ST8059048_shared12819/fold4/GeneSPT/validation_candidates.csv
Cell2location,Cell2location_mouse_brain_ST8059048_shared12819,primary,4,GeneSPT-GC,57,nmf32_elasticnet_affine_alpha0.001,nmf32,elasticnet,affine,0.001,maximum_validation_SSIM_subject_to_guards_then_raw_tie_score,True,42,False,False,6976df1aea4b250038f55ce608682810d688f84182a2f87ba98705921f871ace,protocol_a_reproducibility/readout_selections/Cell2location_mouse_brain_ST8059048_shared12819/fold4/selection_lock_public.json,23f0ed57399ae64315dc31215d428b056f4d19e01c118b9d4a06846ba6d34039,protocol_a_reproducibility/readout_selections/Cell2location_mouse_brain_ST8059048_shared12819/fold4/GeneSPT-GC/validation_candidates.csv
HBC,HBC_shared16112,primary,0,GeneSPT,57,pca32_nmf32_ridge_mean_only_alpha100,pca32_nmf32,ridge,mean_only,100.0,maximum_validation_SSIM_subject_to_guards_then_raw_tie_score,True,42,False,False,a37cbf37b3789d24f4e8811a5b7bdeb543a4126e19d78a36676dfa4577f99d0a,protocol_a_reproducibility/readout_selections/HBC_shared16112/fold0/selection_lock_public.json,74c1ff86f21987bb497f2b3a5ff0fe82a5ffa429610502749f323eb5a42faec7,protocol_a_reproducibility/readout_selections/HBC_shared16112/fold0/GeneSPT/validation_candidates.csv
HBC,HBC_shared16112,primary,0,GeneSPT-GC,57,nmf32_ridge_mean_only_alpha0.1,nmf32,ridge,mean_only,0.1,maximum_validation_SSIM_subject_to_guards_then_raw_tie_score,True,42,False,False,a37cbf37b3789d24f4e8811a5b7bdeb543a4126e19d78a36676dfa4577f99d0a,protocol_a_reproducibility/readout_selections/HBC_shared16112/fold0/selection_lock_public.json,74c1ff86f21987bb497f2b3a5ff0fe82a5ffa429610502749f323eb5a42faec7,protocol_a_reproducibility/readout_selections/HBC_shared16112/fold0/GeneSPT-GC/validation_candidates.csv
HBC,HBC_shared16112,primary,1,GeneSPT,57,nmf32_ridge_mean_only_alpha100,nmf32,ridge,mean_only,100.0,maximum_validation_SSIM_subject_to_guards_then_raw_tie_score,True,42,False,False,994221f8191d1593427859fed9e76f5cd917b39b9a4cd1c2b4b0e989b621edbd,protocol_a_reproducibility/readout_selections/HBC_shared16112/fold1/selection_lock_public.json,349079ff90616e12544b315c74db2cc72371b7b418f959e3c6ca16a30d635aca,protocol_a_reproducibility/readout_selections/HBC_shared16112/fold1/GeneSPT/validation_candidates.csv
HBC,HBC_shared16112,primary,1,GeneSPT-GC,57,pca32_ridge_mean_only_alpha1,pca32,ridge,mean_only,1.0,maximum_validation_SSIM_subject_to_guards_then_raw_tie_score,True,42,False,False,994221f8191d1593427859fed9e76f5cd917b39b9a4cd1c2b4b0e989b621edbd,protocol_a_reproducibility/readout_selections/HBC_shared16112/fold1/selection_lock_public.json,349079ff90616e12544b315c74db2cc72371b7b418f959e3c6ca16a30d635aca,protocol_a_reproducibility/readout_selections/HBC_shared16112/fold1/GeneSPT-GC/validation_candidates.csv
HBC,HBC_shared16112,primary,2,GeneSPT,57,pca32_nmf32_elasticnet_mean_only_alpha0.001,pca32_nmf32,elasticnet,mean_only,0.001,maximum_validation_SSIM_subject_to_guards_then_raw_tie_score,True,42,False,False,e1cf136f4a41d0712f903cdc0caf5f79db8be1ace2cd3d4ab6c0a852ca31d4d0,protocol_a_reproducibility/readout_selections/HBC_shared16112/fold2/selection_lock_public.json,e5b20c2ded0006d964787939ffaffe71d0e8eb2394a601d56c921b470c80090b,protocol_a_reproducibility/readout_selections/HBC_shared16112/fold2/GeneSPT/validation_candidates.csv
HBC,HBC_shared16112,primary,2,GeneSPT-GC,57,pca32_nmf32_ridge_affine_alpha100,pca32_nmf32,ridge,affine,100.0,maximum_validation_SSIM_subject_to_guards_then_raw_tie_score,True,42,False,False,e1cf136f4a41d0712f903cdc0caf5f79db8be1ace2cd3d4ab6c0a852ca31d4d0,protocol_a_reproducibility/readout_selections/HBC_shared16112/fold2/selection_lock_public.json,e5b20c2ded0006d964787939ffaffe71d0e8eb2394a601d56c921b470c80090b,protocol_a_reproducibility/readout_selections/HBC_shared16112/fold2/GeneSPT-GC/validation_candidates.csv
HBC,HBC_shared16112,primary,3,GeneSPT,57,pca32_nmf32_ridge_mean_only_alpha1,pca32_nmf32,ridge,mean_only,1.0,maximum_validation_SSIM_subject_to_guards_then_raw_tie_score,True,42,False,False,d7951a981f3926133077c99de235ba49c925c5f9aa357650ba2cd9830285a85f,protocol_a_reproducibility/readout_selections/HBC_shared16112/fold3/selection_lock_public.json,93ceafa40d79576705ae681cfa79f6a7b779f0b7025e023cf3d57dba13abcfde,protocol_a_reproducibility/readout_selections/HBC_shared16112/fold3/GeneSPT/validation_candidates.csv
HBC,HBC_shared16112,primary,3,GeneSPT-GC,57,nmf32_ridge_affine_alpha10,nmf32,ridge,affine,10.0,maximum_validation_SSIM_subject_to_guards_then_raw_tie_score,True,42,False,False,d7951a981f3926133077c99de235ba49c925c5f9aa357650ba2cd9830285a85f,protocol_a_reproducibility/readout_selections/HBC_shared16112/fold3/selection_lock_public.json,93ceafa40d79576705ae681cfa79f6a7b779f0b7025e023cf3d57dba13abcfde,protocol_a_reproducibility/readout_selections/HBC_shared16112/fold3/GeneSPT-GC/validation_candidates.csv
HBC,HBC_shared16112,primary,4,GeneSPT,57,nmf32_elasticnet_mean_only_alpha0.01,nmf32,elasticnet,mean_only,0.01,maximum_validation_SSIM_subject_to_guards_then_raw_tie_score,True,42,False,False,3f7ae79c6d0d89f4b08a66263c941baa924cf5eb1b5dbd7ce7fa591667cc2328,protocol_a_reproducibility/readout_selections/HBC_shared16112/fold4/selection_lock_public.json,67af0f6ab0f4851372ee733e5576dfc354d95586e72f154b6fb2dc81362ae8ed,protocol_a_reproducibility/readout_selections/HBC_shared16112/fold4/GeneSPT/validation_candidates.csv
HBC,HBC_shared16112,primary,4,GeneSPT-GC,57,pca32_ridge_affine_alpha100,pca32,ridge,affine,100.0,maximum_validation_SSIM_subject_to_guards_then_raw_tie_score,True,42,False,False,3f7ae79c6d0d89f4b08a66263c941baa924cf5eb1b5dbd7ce7fa591667cc2328,protocol_a_reproducibility/readout_selections/HBC_shared16112/fold4/selection_lock_public.json,67af0f6ab0f4851372ee733e5576dfc354d95586e72f154b6fb2dc81362ae8ed,protocol_a_reproducibility/readout_selections/HBC_shared16112/fold4/GeneSPT-GC/validation_candidates.csv
MHPR,MHPR_current_panel,cross_platform,0,GeneSPT,57,pca32_ridge_scale_only_alpha100,pca32,ridge,scale_only,100.0,maximum_validation_SSIM_subject_to_guards_then_raw_tie_score,True,42,False,False,9c1be22f61b212a913d5823ac5df0028f5051f0a7610673c1b9128501486172a,protocol_a_reproducibility/readout_selections/MHPR_current_panel/fold0/selection_lock_public.json,06aa069de8431c22dbff3c2589210712f9b3860c221a95787ef49a2d6f32820d,protocol_a_reproducibility/readout_selections/MHPR_current_panel/fold0/GeneSPT/validation_candidates.csv
MHPR,MHPR_current_panel,cross_platform,0,GeneSPT-GC,57,nmf32_elasticnet_scale_only_alpha0.01,nmf32,elasticnet,scale_only,0.01,maximum_validation_SSIM_subject_to_guards_then_raw_tie_score,True,42,False,False,9c1be22f61b212a913d5823ac5df0028f5051f0a7610673c1b9128501486172a,protocol_a_reproducibility/readout_selections/MHPR_current_panel/fold0/selection_lock_public.json,06aa069de8431c22dbff3c2589210712f9b3860c221a95787ef49a2d6f32820d,protocol_a_reproducibility/readout_selections/MHPR_current_panel/fold0/GeneSPT-GC/validation_candidates.csv
MHPR,MHPR_current_panel,cross_platform,1,GeneSPT,57,nmf32_ridge_scale_only_alpha10,nmf32,ridge,scale_only,10.0,maximum_validation_SSIM_subject_to_guards_then_raw_tie_score,True,42,False,False,dfea8294f3795d548fdc12cf53a0d103693bbd1de4948b4384903f269fd75ab9,protocol_a_reproducibility/readout_selections/MHPR_current_panel/fold1/selection_lock_public.json,b38e69ebb1f33c542d2427667b59d2ef5d1b12f774357423cd2e274491141abc,protocol_a_reproducibility/readout_selections/MHPR_current_panel/fold1/GeneSPT/validation_candidates.csv
MHPR,MHPR_current_panel,cross_platform,1,GeneSPT-GC,57,pca32_ridge_scale_only_alpha1,pca32,ridge,scale_only,1.0,maximum_validation_SSIM_subject_to_guards_then_raw_tie_score,True,42,False,False,dfea8294f3795d548fdc12cf53a0d103693bbd1de4948b4384903f269fd75ab9,protocol_a_reproducibility/readout_selections/MHPR_current_panel/fold1/selection_lock_public.json,b38e69ebb1f33c542d2427667b59d2ef5d1b12f774357423cd2e274491141abc,protocol_a_reproducibility/readout_selections/MHPR_current_panel/fold1/GeneSPT-GC/validation_candidates.csv
MHPR,MHPR_current_panel,cross_platform,2,GeneSPT,57,pca32_ridge_scale_only_alpha10,pca32,ridge,scale_only,10.0,maximum_validation_SSIM_subject_to_guards_then_raw_tie_score,True,42,False,False,5f6020a4575687568a2596a9016f15c593a060ae3028d28c613998e3f51123bc,protocol_a_reproducibility/readout_selections/MHPR_current_panel/fold2/selection_lock_public.json,d4e9ea6d87f0a615d6f6573f692e4d057ee8fd20a3f10c9a9003abf7af52fbfd,protocol_a_reproducibility/readout_selections/MHPR_current_panel/fold2/GeneSPT/validation_candidates.csv
MHPR,MHPR_current_panel,cross_platform,2,GeneSPT-GC,57,pca32_ridge_scale_only_alpha0.1,pca32,ridge,scale_only,0.1,maximum_validation_SSIM_subject_to_guards_then_raw_tie_score,True,42,False,False,5f6020a4575687568a2596a9016f15c593a060ae3028d28c613998e3f51123bc,protocol_a_reproducibility/readout_selections/MHPR_current_panel/fold2/selection_lock_public.json,d4e9ea6d87f0a615d6f6573f692e4d057ee8fd20a3f10c9a9003abf7af52fbfd,protocol_a_reproducibility/readout_selections/MHPR_current_panel/fold2/GeneSPT-GC/validation_candidates.csv
MHPR,MHPR_current_panel,cross_platform,3,GeneSPT,57,pca32_nmf32_ridge_scale_only_alpha0.1,pca32_nmf32,ridge,scale_only,0.1,maximum_validation_SSIM_subject_to_guards_then_raw_tie_score,True,42,False,False,e4cc362ea812b32612c1462e193285c5c447c76f69a9c3911e84b7852eccb1b5,protocol_a_reproducibility/readout_selections/MHPR_current_panel/fold3/selection_lock_public.json,2f041eb2452535d0dba2dc813ec755833b3eb8981efcbbfb4a13ffcbc4ed6d73,protocol_a_reproducibility/readout_selections/MHPR_current_panel/fold3/GeneSPT/validation_candidates.csv
MHPR,MHPR_current_panel,cross_platform,3,GeneSPT-GC,57,pca32_elasticnet_scale_only_alpha0.001,pca32,elasticnet,scale_only,0.001,maximum_validation_SSIM_subject_to_guards_then_raw_tie_score,True,42,False,False,e4cc362ea812b32612c1462e193285c5c447c76f69a9c3911e84b7852eccb1b5,protocol_a_reproducibility/readout_selections/MHPR_current_panel/fold3/selection_lock_public.json,2f041eb2452535d0dba2dc813ec755833b3eb8981efcbbfb4a13ffcbc4ed6d73,protocol_a_reproducibility/readout_selections/MHPR_current_panel/fold3/GeneSPT-GC/validation_candidates.csv
MHPR,MHPR_current_panel,cross_platform,4,GeneSPT,57,nmf32_elasticnet_scale_only_alpha0.01,nmf32,elasticnet,scale_only,0.01,maximum_validation_SSIM_subject_to_guards_then_raw_tie_score,True,42,False,False,63749ff16aadd9467a248073af494b88c1501c0c26c2643d678efaa2a826ea27,protocol_a_reproducibility/readout_selections/MHPR_current_panel/fold4/selection_lock_public.json,d06489b01341c0a13a5feb6fa2f3c9c9761776d4c9603b81e34cddd87632e1f5,protocol_a_reproducibility/readout_selections/MHPR_current_panel/fold4/GeneSPT/validation_candidates.csv
MHPR,MHPR_current_panel,cross_platform,4,GeneSPT-GC,57,nmf32_ridge_scale_only_alpha0.1,nmf32,ridge,scale_only,0.1,maximum_validation_SSIM_subject_to_guards_then_raw_tie_score,True,42,False,False,63749ff16aadd9467a248073af494b88c1501c0c26c2643d678efaa2a826ea27,protocol_a_reproducibility/readout_selections/MHPR_current_panel/fold4/selection_lock_public.json,d06489b01341c0a13a5feb6fa2f3c9c9761776d4c9603b81e34cddd87632e1f5,protocol_a_reproducibility/readout_selections/MHPR_current_panel/fold4/GeneSPT-GC/validation_candidates.csv
MVC,MVC_shared981,cross_platform,0,GeneSPT,57,nmf32_ridge_scale_only_alpha1,nmf32,ridge,scale_only,1.0,maximum_validation_SSIM_subject_to_guards_then_raw_tie_score,True,42,False,False,eedc35c105387cf936b280f7f01c9e6b3bcf26f2824eb4b38679987de9d12ae5,protocol_a_reproducibility/readout_selections/MVC_shared981/fold0/selection_lock_public.json,e90a3793eb723dc3d5aea6c42a93b8a0bf814a9bed0dc239adbee1fa2b524f8a,protocol_a_reproducibility/readout_selections/MVC_shared981/fold0/GeneSPT/validation_candidates.csv
MVC,MVC_shared981,cross_platform,0,GeneSPT-GC,57,nmf32_ridge_affine_alpha10,nmf32,ridge,affine,10.0,maximum_validation_SSIM_subject_to_guards_then_raw_tie_score,True,42,False,False,eedc35c105387cf936b280f7f01c9e6b3bcf26f2824eb4b38679987de9d12ae5,protocol_a_reproducibility/readout_selections/MVC_shared981/fold0/selection_lock_public.json,e90a3793eb723dc3d5aea6c42a93b8a0bf814a9bed0dc239adbee1fa2b524f8a,protocol_a_reproducibility/readout_selections/MVC_shared981/fold0/GeneSPT-GC/validation_candidates.csv
MVC,MVC_shared981,cross_platform,1,GeneSPT,57,nmf32_ridge_affine_alpha100,nmf32,ridge,affine,100.0,maximum_validation_SSIM_subject_to_guards_then_raw_tie_score,True,42,False,False,f19b6fe960b0f96c0b8c906c285fd7dc925c2b0db15b662567751044461e9258,protocol_a_reproducibility/readout_selections/MVC_shared981/fold1/selection_lock_public.json,e23b66ad9ba7f205b8e040ea6117356895581e49ad8b83f5400295e2e8a8e4e6,protocol_a_reproducibility/readout_selections/MVC_shared981/fold1/GeneSPT/validation_candidates.csv
MVC,MVC_shared981,cross_platform,1,GeneSPT-GC,57,pca32_ridge_affine_alpha10,pca32,ridge,affine,10.0,maximum_validation_SSIM_subject_to_guards_then_raw_tie_score,True,42,False,False,f19b6fe960b0f96c0b8c906c285fd7dc925c2b0db15b662567751044461e9258,protocol_a_reproducibility/readout_selections/MVC_shared981/fold1/selection_lock_public.json,e23b66ad9ba7f205b8e040ea6117356895581e49ad8b83f5400295e2e8a8e4e6,protocol_a_reproducibility/readout_selections/MVC_shared981/fold1/GeneSPT-GC/validation_candidates.csv
MVC,MVC_shared981,cross_platform,2,GeneSPT,57,nmf32_ridge_mean_only_alpha10,nmf32,ridge,mean_only,10.0,maximum_validation_SSIM_subject_to_guards_then_raw_tie_score,True,42,False,False,4b473043ac723292698ecc039f74b585f94f997d248465e6c64155b98a59346a,protocol_a_reproducibility/readout_selections/MVC_shared981/fold2/selection_lock_public.json,35ec1a2502ae299681d6999bacda4619ab888a8e9a986e0874abedda29842f95,protocol_a_reproducibility/readout_selections/MVC_shared981/fold2/GeneSPT/validation_candidates.csv
MVC,MVC_shared981,cross_platform,2,GeneSPT-GC,57,nmf32_elasticnet_mean_only_alpha0.01,nmf32,elasticnet,mean_only,0.01,maximum_validation_SSIM_subject_to_guards_then_raw_tie_score,True,42,False,False,4b473043ac723292698ecc039f74b585f94f997d248465e6c64155b98a59346a,protocol_a_reproducibility/readout_selections/MVC_shared981/fold2/selection_lock_public.json,35ec1a2502ae299681d6999bacda4619ab888a8e9a986e0874abedda29842f95,protocol_a_reproducibility/readout_selections/MVC_shared981/fold2/GeneSPT-GC/validation_candidates.csv
MVC,MVC_shared981,cross_platform,3,GeneSPT,57,nmf32_ridge_affine_alpha1,nmf32,ridge,affine,1.0,maximum_validation_SSIM_subject_to_guards_then_raw_tie_score,True,42,False,False,63f1047f28d0d8af4e622c86059e30892ddbfef2b066abde8859c88d27d90d91,protocol_a_reproducibility/readout_selections/MVC_shared981/fold3/selection_lock_public.json,82c311ec7d7a68dcc37d4c6be129290adb1677069aed9e938cfac5afd3128577,protocol_a_reproducibility/readout_selections/MVC_shared981/fold3/GeneSPT/validation_candidates.csv
MVC,MVC_shared981,cross_platform,3,GeneSPT-GC,57,pca32_ridge_affine_alpha100,pca32,ridge,affine,100.0,maximum_validation_SSIM_subject_to_guards_then_raw_tie_score,True,42,False,False,63f1047f28d0d8af4e622c86059e30892ddbfef2b066abde8859c88d27d90d91,protocol_a_reproducibility/readout_selections/MVC_shared981/fold3/selection_lock_public.json,82c311ec7d7a68dcc37d4c6be129290adb1677069aed9e938cfac5afd3128577,protocol_a_reproducibility/readout_selections/MVC_shared981/fold3/GeneSPT-GC/validation_candidates.csv
MVC,MVC_shared981,cross_platform,4,GeneSPT,57,nmf32_elasticnet_scale_only_alpha0.01,nmf32,elasticnet,scale_only,0.01,maximum_validation_SSIM_subject_to_guards_then_raw_tie_score,True,42,False,False,ba66c0a1b36c8c8263b4397625104a206f8e170b26345e6c4643b63fbbd770f8,protocol_a_reproducibility/readout_selections/MVC_shared981/fold4/selection_lock_public.json,510fa121f258c49d78c48be36791a1d90883a4842f63cfd3803d3ac042496f1e,protocol_a_reproducibility/readout_selections/MVC_shared981/fold4/GeneSPT/validation_candidates.csv
MVC,MVC_shared981,cross_platform,4,GeneSPT-GC,57,nmf32_elasticnet_affine_alpha0.01,nmf32,elasticnet,affine,0.01,maximum_validation_SSIM_subject_to_guards_then_raw_tie_score,True,42,False,False,ba66c0a1b36c8c8263b4397625104a206f8e170b26345e6c4643b63fbbd770f8,protocol_a_reproducibility/readout_selections/MVC_shared981/fold4/selection_lock_public.json,510fa121f258c49d78c48be36791a1d90883a4842f63cfd3803d3ac042496f1e,protocol_a_reproducibility/readout_selections/MVC_shared981/fold4/GeneSPT-GC/validation_candidates.csv
seqFISH+,seqFISH_plus_cortex_svz_zeisel_sccortex_ref_shared10000,cross_platform,0,GeneSPT,57,pca32_ridge_affine_alpha10,pca32,ridge,affine,10.0,maximum_validation_SSIM_subject_to_guards_then_raw_tie_score,True,42,False,False,c800e9e8958c3a40790145f559e3941f3b2fe141b1c5b10ca9de902345d93eb3,protocol_a_reproducibility/readout_selections/seqFISH_plus_cortex_svz_zeisel_sccortex_ref_shared10000/fold0/selection_lock_public.json,65dcb3ff9440e27e2bdf8c7b2bdfa7034ad0b53f47e7a9ff69d5e8eb2737eb85,protocol_a_reproducibility/readout_selections/seqFISH_plus_cortex_svz_zeisel_sccortex_ref_shared10000/fold0/GeneSPT/validation_candidates.csv
seqFISH+,seqFISH_plus_cortex_svz_zeisel_sccortex_ref_shared10000,cross_platform,0,GeneSPT-GC,57,pca32_ridge_affine_alpha0.1,pca32,ridge,affine,0.1,maximum_validation_SSIM_subject_to_guards_then_raw_tie_score,True,42,False,False,c800e9e8958c3a40790145f559e3941f3b2fe141b1c5b10ca9de902345d93eb3,protocol_a_reproducibility/readout_selections/seqFISH_plus_cortex_svz_zeisel_sccortex_ref_shared10000/fold0/selection_lock_public.json,65dcb3ff9440e27e2bdf8c7b2bdfa7034ad0b53f47e7a9ff69d5e8eb2737eb85,protocol_a_reproducibility/readout_selections/seqFISH_plus_cortex_svz_zeisel_sccortex_ref_shared10000/fold0/GeneSPT-GC/validation_candidates.csv
seqFISH+,seqFISH_plus_cortex_svz_zeisel_sccortex_ref_shared10000,cross_platform,1,GeneSPT,57,nmf32_elasticnet_affine_alpha0.001,nmf32,elasticnet,affine,0.001,maximum_validation_SSIM_subject_to_guards_then_raw_tie_score,True,42,False,False,68b4d4bc4948f5ec923c49fccace99de65cbcf505c578c2bd21c8b2e650aa763,protocol_a_reproducibility/readout_selections/seqFISH_plus_cortex_svz_zeisel_sccortex_ref_shared10000/fold1/selection_lock_public.json,08c9b707d98d4220d16eb15c1ee38043613961852301a16a529f293cdd899f48,protocol_a_reproducibility/readout_selections/seqFISH_plus_cortex_svz_zeisel_sccortex_ref_shared10000/fold1/GeneSPT/validation_candidates.csv
seqFISH+,seqFISH_plus_cortex_svz_zeisel_sccortex_ref_shared10000,cross_platform,1,GeneSPT-GC,57,pca32_nmf32_ridge_affine_alpha10,pca32_nmf32,ridge,affine,10.0,maximum_validation_SSIM_subject_to_guards_then_raw_tie_score,True,42,False,False,68b4d4bc4948f5ec923c49fccace99de65cbcf505c578c2bd21c8b2e650aa763,protocol_a_reproducibility/readout_selections/seqFISH_plus_cortex_svz_zeisel_sccortex_ref_shared10000/fold1/selection_lock_public.json,08c9b707d98d4220d16eb15c1ee38043613961852301a16a529f293cdd899f48,protocol_a_reproducibility/readout_selections/seqFISH_plus_cortex_svz_zeisel_sccortex_ref_shared10000/fold1/GeneSPT-GC/validation_candidates.csv
seqFISH+,seqFISH_plus_cortex_svz_zeisel_sccortex_ref_shared10000,cross_platform,2,GeneSPT,57,nmf32_ridge_mean_only_alpha0.1,nmf32,ridge,mean_only,0.1,maximum_validation_SSIM_subject_to_guards_then_raw_tie_score,True,42,False,False,88a417758ff5612409121de7b0c60328124b7dbc5d5d948bb153ae6126ccc76e,protocol_a_reproducibility/readout_selections/seqFISH_plus_cortex_svz_zeisel_sccortex_ref_shared10000/fold2/selection_lock_public.json,2793236b26789373369e1801449fc2be747c8bed45cf4b939309e309c9b670d5,protocol_a_reproducibility/readout_selections/seqFISH_plus_cortex_svz_zeisel_sccortex_ref_shared10000/fold2/GeneSPT/validation_candidates.csv
seqFISH+,seqFISH_plus_cortex_svz_zeisel_sccortex_ref_shared10000,cross_platform,2,GeneSPT-GC,57,nmf32_elasticnet_affine_alpha0.01,nmf32,elasticnet,affine,0.01,maximum_validation_SSIM_subject_to_guards_then_raw_tie_score,True,42,False,False,88a417758ff5612409121de7b0c60328124b7dbc5d5d948bb153ae6126ccc76e,protocol_a_reproducibility/readout_selections/seqFISH_plus_cortex_svz_zeisel_sccortex_ref_shared10000/fold2/selection_lock_public.json,2793236b26789373369e1801449fc2be747c8bed45cf4b939309e309c9b670d5,protocol_a_reproducibility/readout_selections/seqFISH_plus_cortex_svz_zeisel_sccortex_ref_shared10000/fold2/GeneSPT-GC/validation_candidates.csv
seqFISH+,seqFISH_plus_cortex_svz_zeisel_sccortex_ref_shared10000,cross_platform,3,GeneSPT,57,nmf32_ridge_mean_only_alpha1,nmf32,ridge,mean_only,1.0,maximum_validation_SSIM_subject_to_guards_then_raw_tie_score,True,42,False,False,8c773166686923b0ca7ea761945cafb6c98b4cb6afe507e30cce683203ed27e1,protocol_a_reproducibility/readout_selections/seqFISH_plus_cortex_svz_zeisel_sccortex_ref_shared10000/fold3/selection_lock_public.json,34c5446e0b312e296ad2a5104304fa0cb4072c46383e666b491adda760876c48,protocol_a_reproducibility/readout_selections/seqFISH_plus_cortex_svz_zeisel_sccortex_ref_shared10000/fold3/GeneSPT/validation_candidates.csv
seqFISH+,seqFISH_plus_cortex_svz_zeisel_sccortex_ref_shared10000,cross_platform,3,GeneSPT-GC,57,pca32_ridge_affine_alpha1,pca32,ridge,affine,1.0,maximum_validation_SSIM_subject_to_guards_then_raw_tie_score,True,42,False,False,8c773166686923b0ca7ea761945cafb6c98b4cb6afe507e30cce683203ed27e1,protocol_a_reproducibility/readout_selections/seqFISH_plus_cortex_svz_zeisel_sccortex_ref_shared10000/fold3/selection_lock_public.json,34c5446e0b312e296ad2a5104304fa0cb4072c46383e666b491adda760876c48,protocol_a_reproducibility/readout_selections/seqFISH_plus_cortex_svz_zeisel_sccortex_ref_shared10000/fold3/GeneSPT-GC/validation_candidates.csv
seqFISH+,seqFISH_plus_cortex_svz_zeisel_sccortex_ref_shared10000,cross_platform,4,GeneSPT,57,pca32_nmf32_ridge_affine_alpha1,pca32_nmf32,ridge,affine,1.0,maximum_validation_SSIM_subject_to_guards_then_raw_tie_score,True,42,False,False,435018c6579dfa96e8431dc225d8e4e1812218c4feb7eab2ebb8f07d2fb8146f,protocol_a_reproducibility/readout_selections/seqFISH_plus_cortex_svz_zeisel_sccortex_ref_shared10000/fold4/selection_lock_public.json,dc27f3d1bc165ddf28904801be11af19ad664a88073ed85c400392a81101f130,protocol_a_reproducibility/readout_selections/seqFISH_plus_cortex_svz_zeisel_sccortex_ref_shared10000/fold4/GeneSPT/validation_candidates.csv
seqFISH+,seqFISH_plus_cortex_svz_zeisel_sccortex_ref_shared10000,cross_platform,4,GeneSPT-GC,57,pca32_nmf32_elasticnet_mean_only_alpha0.001,pca32_nmf32,elasticnet,mean_only,0.001,maximum_validation_SSIM_subject_to_guards_then_raw_tie_score,True,42,False,False,435018c6579dfa96e8431dc225d8e4e1812218c4feb7eab2ebb8f07d2fb8146f,protocol_a_reproducibility/readout_selections/seqFISH_plus_cortex_svz_zeisel_sccortex_ref_shared10000/fold4/selection_lock_public.json,dc27f3d1bc165ddf28904801be11af19ad664a88073ed85c400392a81101f130,protocol_a_reproducibility/readout_selections/seqFISH_plus_cortex_svz_zeisel_sccortex_ref_shared10000/fold4/GeneSPT-GC/validation_candidates.csv
Vis9A,Vis9A_D7_spaim_effective4470,primary,0,GeneSPT,57,nmf32_ridge_affine_alpha0.1,nmf32,ridge,affine,0.1,maximum_validation_SSIM_subject_to_guards_then_raw_tie_score,True,42,False,False,d7b4f9b06fd5f32e8d7c247db0fe1e541f212c2aa9f2a2c4f32ccf7c32c21dbc,protocol_a_reproducibility/readout_selections/Vis9A_D7_spaim_effective4470/fold0/selection_lock_public.json,bcc8abcd1d77f7f5200dc73e3e28ad9e9f0f2842086e85b339fe08538bc98994,protocol_a_reproducibility/readout_selections/Vis9A_D7_spaim_effective4470/fold0/GeneSPT/validation_candidates.csv
Vis9A,Vis9A_D7_spaim_effective4470,primary,0,GeneSPT-GC,57,nmf32_ridge_affine_alpha0.1,nmf32,ridge,affine,0.1,maximum_validation_SSIM_subject_to_guards_then_raw_tie_score,True,42,False,False,d7b4f9b06fd5f32e8d7c247db0fe1e541f212c2aa9f2a2c4f32ccf7c32c21dbc,protocol_a_reproducibility/readout_selections/Vis9A_D7_spaim_effective4470/fold0/selection_lock_public.json,bcc8abcd1d77f7f5200dc73e3e28ad9e9f0f2842086e85b339fe08538bc98994,protocol_a_reproducibility/readout_selections/Vis9A_D7_spaim_effective4470/fold0/GeneSPT-GC/validation_candidates.csv
Vis9A,Vis9A_D7_spaim_effective4470,primary,1,GeneSPT,57,pca32_nmf32_ridge_affine_alpha0.1,pca32_nmf32,ridge,affine,0.1,maximum_validation_SSIM_subject_to_guards_then_raw_tie_score,True,42,False,False,53d198cd811dc0df41e32370a738d74b70c5f9f2a487cad640c54e1553c5b80f,protocol_a_reproducibility/readout_selections/Vis9A_D7_spaim_effective4470/fold1/selection_lock_public.json,a1f0788138fbf7c6d5e03cd65c82e2e20f2eb2da8685e8270513c84e89bb3554,protocol_a_reproducibility/readout_selections/Vis9A_D7_spaim_effective4470/fold1/GeneSPT/validation_candidates.csv
Vis9A,Vis9A_D7_spaim_effective4470,primary,1,GeneSPT-GC,57,pca32_ridge_affine_alpha0.1,pca32,ridge,affine,0.1,maximum_validation_SSIM_subject_to_guards_then_raw_tie_score,True,42,False,False,53d198cd811dc0df41e32370a738d74b70c5f9f2a487cad640c54e1553c5b80f,protocol_a_reproducibility/readout_selections/Vis9A_D7_spaim_effective4470/fold1/selection_lock_public.json,a1f0788138fbf7c6d5e03cd65c82e2e20f2eb2da8685e8270513c84e89bb3554,protocol_a_reproducibility/readout_selections/Vis9A_D7_spaim_effective4470/fold1/GeneSPT-GC/validation_candidates.csv
Vis9A,Vis9A_D7_spaim_effective4470,primary,2,GeneSPT,57,nmf32_ridge_affine_alpha10,nmf32,ridge,affine,10.0,maximum_validation_SSIM_subject_to_guards_then_raw_tie_score,True,42,False,False,396e177a8ca56729124b5059cd67d7ae2642ce54d045a4102382f6bb6805736a,protocol_a_reproducibility/readout_selections/Vis9A_D7_spaim_effective4470/fold2/selection_lock_public.json,6b92fb21586ccf811f9e4aa884998ee12f6dc368040a1a65e260d10d5f44ad4d,protocol_a_reproducibility/readout_selections/Vis9A_D7_spaim_effective4470/fold2/GeneSPT/validation_candidates.csv
Vis9A,Vis9A_D7_spaim_effective4470,primary,2,GeneSPT-GC,57,nmf32_elasticnet_affine_alpha0.01,nmf32,elasticnet,affine,0.01,maximum_validation_SSIM_subject_to_guards_then_raw_tie_score,True,42,False,False,396e177a8ca56729124b5059cd67d7ae2642ce54d045a4102382f6bb6805736a,protocol_a_reproducibility/readout_selections/Vis9A_D7_spaim_effective4470/fold2/selection_lock_public.json,6b92fb21586ccf811f9e4aa884998ee12f6dc368040a1a65e260d10d5f44ad4d,protocol_a_reproducibility/readout_selections/Vis9A_D7_spaim_effective4470/fold2/GeneSPT-GC/validation_candidates.csv
Vis9A,Vis9A_D7_spaim_effective4470,primary,3,GeneSPT,57,pca32_nmf32_ridge_scale_only_alpha0.1,pca32_nmf32,ridge,scale_only,0.1,maximum_validation_SSIM_subject_to_guards_then_raw_tie_score,True,42,False,False,c5e3ce3a4f4130c512454eb28c61c632cbeb02216329474da07a91415d02e92d,protocol_a_reproducibility/readout_selections/Vis9A_D7_spaim_effective4470/fold3/selection_lock_public.json,b809121343b9a62ce16a26a3d5e13e830a769600a6c3b7390b0612eb08b9ec94,protocol_a_reproducibility/readout_selections/Vis9A_D7_spaim_effective4470/fold3/GeneSPT/validation_candidates.csv
Vis9A,Vis9A_D7_spaim_effective4470,primary,3,GeneSPT-GC,57,pca32_nmf32_elasticnet_scale_only_alpha0.001,pca32_nmf32,elasticnet,scale_only,0.001,maximum_validation_SSIM_subject_to_guards_then_raw_tie_score,True,42,False,False,c5e3ce3a4f4130c512454eb28c61c632cbeb02216329474da07a91415d02e92d,protocol_a_reproducibility/readout_selections/Vis9A_D7_spaim_effective4470/fold3/selection_lock_public.json,b809121343b9a62ce16a26a3d5e13e830a769600a6c3b7390b0612eb08b9ec94,protocol_a_reproducibility/readout_selections/Vis9A_D7_spaim_effective4470/fold3/GeneSPT-GC/validation_candidates.csv
Vis9A,Vis9A_D7_spaim_effective4470,primary,4,GeneSPT,57,nmf32_elasticnet_affine_alpha0.01,nmf32,elasticnet,affine,0.01,maximum_validation_SSIM_subject_to_guards_then_raw_tie_score,True,42,False,False,7f15b470dd75ded75497c01dd65bc0bb15f0ee6352470c1af1e1a121e264b7d5,protocol_a_reproducibility/readout_selections/Vis9A_D7_spaim_effective4470/fold4/selection_lock_public.json,cd80538cf2d0505a1be20f090bbda566576af8d46ac32286f62a7de47ba0e19b,protocol_a_reproducibility/readout_selections/Vis9A_D7_spaim_effective4470/fold4/GeneSPT/validation_candidates.csv
Vis9A,Vis9A_D7_spaim_effective4470,primary,4,GeneSPT-GC,57,nmf32_ridge_affine_alpha0.1,nmf32,ridge,affine,0.1,maximum_validation_SSIM_subject_to_guards_then_raw_tie_score,True,42,False,False,7f15b470dd75ded75497c01dd65bc0bb15f0ee6352470c1af1e1a121e264b7d5,protocol_a_reproducibility/readout_selections/Vis9A_D7_spaim_effective4470/fold4/selection_lock_public.json,cd80538cf2d0505a1be20f090bbda566576af8d46ac32286f62a7de47ba0e19b,protocol_a_reproducibility/readout_selections/Vis9A_D7_spaim_effective4470/fold4/GeneSPT-GC/validation_candidates.csv
